Workbook
Name P1X: OFFSET(MODEL_PARETO!$G$2,0,0,COUNT(MODEL_PARETO!$B$2:$B$26),1)
Name P1Y1: OFFSET(MODEL_PARETO!$L$2,0,0,COUNT(MODEL_PARETO!$B$2:$B$26),1)
Name P1Y2: OFFSET(MODEL_PARETO!$M$2,0,0,COUNT(MODEL_PARETO!$B$2:$B$26),1)
Name P2X: OFFSET(MODEL_PARETO!$O$2,0,0,COUNT(MODEL_PARETO!$B$2:$B$26),1)
Name P2Y1: OFFSET(MODEL_PARETO!$S$2,0,0,COUNT(MODEL_PARETO!$B$2:$B$26),1)
Name P2Y2: OFFSET(MODEL_PARETO!$T$2,0,0,COUNT(MODEL_PARETO!$B$2:$B$26),1)

Sheet INSTRUCTIONS
A1: INSTRUCTIONS
A3: 1 | B3: Copy your experimental matrix in the EXP_MATRIX sheet. | N3: EXP_MATRIX
A4: 2 | B4: Go to the MODEL sheet and indicate the model to be analyzed (only main factors and interaction terms, quadratic factors can also be included). | N4: MODEL
A6: MAIN RESULTS
B8: Design >> | E8: Orthogonality of the design | N8: DESIGN_CORRELATION
B9: Exploratory data analysis >> | E9: Responses | N9: EDA
E10: Effects >> | G10: Pareto chart | N10: MODEL_PARETO
G11: Main effects plots | N11: MODEL_MAINEFFECTS
G12: Two-factor interaction plots | N12: MODEL_INTERACTIONS
B13: Model >> | E13: Orthogonality of the model components | N13: MODEL_CORRELATION
E14: Model fit | N14: MODEL_FIT
E15: Model ANOVA | N15: MODEL_ANOVA
E16: Residuals >> | G16: Residuals plots (vs experimental order & vs predicted value) | N16: MODEL_RESIDUALPLOTS
G17: Residual normality test | N17: MODEL_RESIDUALSQQ
E18: Prediction | N18: MODEL_PREDICTION
E19: Analyses for center and pseudo-center points | N19: CENTER_POINTS
A21: The other worksheets include some alternative analyses and some intermediate calculations.
A23: This workbook requires Office 365 (Excel 2021 or newer). License: CC-BY-SA 4-0, https://creativecommons.org/licenses/by-sa/4.0/ 2024-2025, Jordi Cuadros, IQS Univ Ramon Llull, https://orcid.org/0000-0001-6513-9140

Sheet EXP_MATRIX
B1: Y | C1: A | D1: B | E1: C | F1: D | G1: E | H1: F | I1: G | J1: H | K1: J | L1: K | M1: L | N1: M | O1: N | P1: O | Q1: P | R1: Q | S1: R | T1: S | U1: T | V1: U | W1: V | X1: W | Y1: X | Z1: Z | AA1: Enter your experimental matrix into the yellow cells. Leave them blank for the columns and rows you don't need to use. Feel free to leave the Y column empty in case you only need to analyze the design matrix or still do not have the outcomes of your experiment. Many calculations on this workbook will work better (or be easier to interpret) if you use standard coding for your design matrix, i.e. experimental domain for each factor coded from -1 to 1. This workbook can handle up to 25 factors, 25 model components and 70 experimental runs.
A2: 1 | B2: 4.2919815 | C2: -1 | D2: -1 | E2: -1 | F2: -1 | G2: -1 | H2: -1 | I2: -1 | J2: -1 | K2: -1
A3: 2 | B3: 4.0079398 | C3: 1 | D3: -1 | E3: -1 | F3: -1 | G3: -1 | H3: 1 | I3: 1 | J3: -1 | K3: -1
A4: 3 | B4: 5.180476 | C4: -1 | D4: 1 | E4: -1 | F4: -1 | G4: -1 | H4: 1 | I4: 1 | J4: 1 | K4: -1
A5: 4 | B5: 4.6917005 | C5: 1 | D5: 1 | E5: -1 | F5: -1 | G5: -1 | H5: -1 | I5: -1 | J5: 1 | K5: -1
A6: 5 | B6: 8.533188 | C6: -1 | D6: -1 | E6: 1 | F6: -1 | G6: -1 | H6: 1 | I6: -1 | J6: 1 | K6: -1
A7: 6 | B7: 4.312169 | C7: 1 | D7: -1 | E7: 1 | F7: -1 | G7: -1 | H7: -1 | I7: 1 | J7: 1 | K7: -1
A8: 7 | B8: 8.317046 | C8: -1 | D8: 1 | E8: 1 | F8: -1 | G8: -1 | H8: -1 | I8: 1 | J8: -1 | K8: -1
A9: 8 | B9: 4.242967 | C9: 1 | D9: 1 | E9: 1 | F9: -1 | G9: -1 | H9: 1 | I9: -1 | J9: -1 | K9: -1
A10: 9 | B10: 4.73794 | C10: -1 | D10: -1 | E10: -1 | F10: 1 | G10: -1 | H10: -1 | I10: 1 | J10: 1 | K10: 1
A11: 10 | B11: 3.8313653 | C11: 1 | D11: -1 | E11: -1 | F11: 1 | G11: -1 | H11: 1 | I11: -1 | J11: 1 | K11: 1
A12: 11 | B12: 5.428064 | C12: -1 | D12: 1 | E12: -1 | F12: 1 | G12: -1 | H12: 1 | I12: -1 | J12: -1 | K12: 1
A13: 12 | B13: 4.822603 | C13: 1 | D13: 1 | E13: -1 | F13: 1 | G13: -1 | H13: -1 | I13: 1 | J13: -1 | K13: -1
... A33: 32 | B33: 7.239197 | C33: 1 | D33: 1 | E33: 1 | F33: 1 | G33: 1 | H33: 1 | I33: 1 | J33: -1 | K33: 1
A34: 33
A35: 34
A36: 35
A37: 36
A38: 37
A39: 38
A40: 39
A41: 40
A42: 41
A43: 42
A44: 43
A45: 44
... A71: 70

Sheet MODEL
A1: Indicate here the factors and interactions to be included in the model (max. 25) | Z1: Enter the components on your model into the yellow cells. Factors shall be included names with uppercase letters (A-X,Z). Interactions should indicated as ordered uppercase string, e.g, AB or ACD. Quadratic terms (e.g. A2) can also be included provided the variable is quantitative and at least three levels are included for these factors. Intercept is always included in the model and can not be taken out.
A2: A | B2: C | C2: E | D2: AC | E2: AE
A3: Orthogonality | F3: =IFERROR(MODEL_CORRELATION!F1,"") -> 1 | H3: (as determinant of the correlation matrix for the model matrix)
A4: =IFERROR(IF(F3<0.5,"AVAILABLE DATA/DESIGN DOES NOT ALLOW FITTING THIS MODEL",""),"")
A6: =IF(A2="","",A2) -> A | B6: =IF(B2="","",B2) -> C | C6: =IF(C2="","",C2) -> E | D6: =IF(D2="","",D2) -> AC | E6: =IF(E2="","",E2) -> AE | F6: =IF(F2="","",F2) | G6: =IF(G2="","",G2) | H6: =IF(H2="","",H2) | ... Y6: =IF(Y2="","",Y2)
A7: =IFERROR(A80,A64) -> 0.094223632 | B7: =IFERROR(B80,B64) -> 0.48788166 | C7: =IFERROR(C80,C64) -> 0.090986247 | D7: =IFERROR(D80,D64) -> 0.053799627 | E7: =IFERROR(E80,E64) -> 0.072876124 | F7: =IFERROR(F80,F64) | G7: =IFERROR(G80,G64) | H7: =IFERROR(H80,H64) | ... Y7: =IFERROR(Y80,Y64)
A8: ="↑ " & IF(ISERROR(A80),A61,A78) -> ↑ Explained variability (ANOVA Type II - Unique SS)
A9: Model explained variability | G9: =MODEL_FIT!B8 -> 0.79976729
A12: Levels per factor
A13: =A15 -> A | B13: =B15 -> C | C13: =C15 -> E | D13: =D15 -> AC | E13: =E15 -> AE | F13: =F15 | G13: =G15 | H13: =H15 | ... Y13: =Y15
A14: =IF(COUNT(A16:A24)>0,COUNT(A16:A24),"") -> 2 | B14: =IF(COUNT(B16:B24)>0,COUNT(B16:B24),"") -> 2 | C14: =IF(COUNT(C16:C24)>0,COUNT(C16:C24),"") -> 2 | D14: =IF(COUNT(D16:D24)>0,COUNT(D16:D24),"") -> 2 | E14: =IF(COUNT(E16:E24)>0,COUNT(E16:E24),"") -> 2 | F14: =IF(COUNT(F16:F24)>0,COUNT(F16:F24),"") | G14: =IF(COUNT(G16:G24)>0,COUNT(G16:G24),"") | H14: =IF(COUNT(H16:H24)>0,COUNT(H16:H24),"") | ... Y14: =IF(COUNT(Y16:Y24)>0,COUNT(Y16:Y24),"")
A15: =IF(A2="","",A2) -> A | B15: =IF(B2="","",B2) -> C | C15: =IF(C2="","",C2) -> E | D15: =IF(D2="","",D2) -> AC | E15: =IF(E2="","",E2) -> AE | F15: =IF(F2="","",F2) | G15: =IF(G2="","",G2) | H15: =IF(H2="","",H2) | ... Y15: =IF(Y2="","",Y2)
A16: {=_xlfn._xlws.SORT(_xlfn.UNIQUE(IF(MODEL_MATRIX!C2:C71="","",ROUND(MODEL_MATRIX!C2:C71,10))))} -> -1 | B16: {=_xlfn._xlws.SORT(_xlfn.UNIQUE(IF(MODEL_MATRIX!D2:D71="","",ROUND(MODEL_MATRIX!D2:D71,10))))} -> -1 | C16: {=_xlfn._xlws.SORT(_xlfn.UNIQUE(IF(MODEL_MATRIX!E2:E71="","",ROUND(MODEL_MATRIX!E2:E71,10))))} -> -1 | D16: {=_xlfn._xlws.SORT(_xlfn.UNIQUE(IF(MODEL_MATRIX!F2:F71="","",ROUND(MODEL_MATRIX!F2:F71,10))))} -> -1 | E16: {=_xlfn._xlws.SORT(_xlfn.UNIQUE(IF(MODEL_MATRIX!G2:G71="","",ROUND(MODEL_MATRIX!G2:G71,10))))} -> -1 | F16: {=_xlfn._xlws.SORT(_xlfn.UNIQUE(IF(MODEL_MATRIX!H2:H71="","",ROUND(MODEL_MATRIX!H2:H71,10))))} | G16: {=_xlfn._xlws.SORT(_xlfn.UNIQUE(IF(MODEL_MATRIX!I2:I71="","",ROUND(MODEL_MATRIX!I2:I71,10))))} | H16: {=_xlfn._xlws.SORT(_xlfn.UNIQUE(IF(MODEL_MATRIX!J2:J71="","",ROUND(MODEL_MATRIX!J2:J71,10))))} | ... Y16: {=_xlfn._xlws.SORT(_xlfn.UNIQUE(IF(MODEL_MATRIX!AA2:AA71="","",ROUND(MODEL_MATRIX!AA2:AA71,10))))}
A17: 1 | B17: 1 | C17: 1 | D17: 1 | E17: 1
A26: DoF
A27: =IF(A2="","",A2) -> A | B27: =IF(B2="","",B2) -> C | C27: =IF(C2="","",C2) -> E | D27: =IF(D2="","",D2) -> AC | E27: =IF(E2="","",E2) -> AE | F27: =IF(F2="","",F2) | G27: =IF(G2="","",G2) | H27: =IF(H2="","",H2) | ... Y27: =IF(Y2="","",Y2)
A28: {=IF(A27="","",PRODUCT(IF(ISERROR(FIND(DESIGN_FEATURES!$A$6:$X$6,MODEL!A27)),1,DESIGN_FEATURES!$A$5:$X$5-1)))} -> 1 | B28: {=IF(B27="","",PRODUCT(IF(ISERROR(FIND(DESIGN_FEATURES!$A$6:$X$6,MODEL!B27)),1,DESIGN_FEATURES!$A$5:$X$5-1)))} -> 1 | C28: {=IF(C27="","",PRODUCT(IF(ISERROR(FIND(DESIGN_FEATURES!$A$6:$X$6,MODEL!C27)),1,DESIGN_FEATURES!$A$5:$X$5-1)))} -> 1 | D28: {=IF(D27="","",PRODUCT(IF(ISERROR(FIND(DESIGN_FEATURES!$A$6:$X$6,MODEL!D27)),1,DESIGN_FEATURES!$A$5:$X$5-1)))} -> 1 | E28: {=IF(E27="","",PRODUCT(IF(ISERROR(FIND(DESIGN_FEATURES!$A$6:$X$6,MODEL!E27)),1,DESIGN_FEATURES!$A$5:$X$5-1)))} -> 1 | F28: {=IF(F27="","",PRODUCT(IF(ISERROR(FIND(DESIGN_FEATURES!$A$6:$X$6,MODEL!F27)),1,DESIGN_FEATURES!$A$5:$X$5-1)))} | G28: {=IF(G27="","",PRODUCT(IF(ISERROR(FIND(DESIGN_FEATURES!$A$6:$X$6,MODEL!G27)),1,DESIGN_FEATURES!$A$5:$X$5-1)))} | H28: {=IF(H27="","",PRODUCT(IF(ISERROR(FIND(DESIGN_FEATURES!$A$6:$X$6,MODEL!H27)),1,DESIGN_FEATURES!$A$5:$X$5-1)))} | ... Y28: {=IF(Y27="","",PRODUCT(IF(ISERROR(FIND(DESIGN_FEATURES!$A$6:$X$6,MODEL!Y27)),1,DESIGN_FEATURES!$A$5:$X$5-1)))}
A32: Counts per level
A33: =A15 -> A | B33: =B15 -> C | C33: =C15 -> E | D33: =D15 -> AC | E33: =E15 -> AE | F33: =F15 | G33: =G15 | H33: =H15 | ... Y33: =Y15
A34: =IF(A16="","",COUNTIF(MODEL_MATRIX!C$2:C$71,A16)) -> 16 | B34: =IF(B16="","",COUNTIF(MODEL_MATRIX!D$2:D$71,B16)) -> 16 | C34: =IF(C16="","",COUNTIF(MODEL_MATRIX!E$2:E$71,C16)) -> 16 | D34: =IF(D16="","",COUNTIF(MODEL_MATRIX!F$2:F$71,D16)) -> 16 | E34: =IF(E16="","",COUNTIF(MODEL_MATRIX!G$2:G$71,E16)) -> 16 | F34: =IF(F16="","",COUNTIF(MODEL_MATRIX!H$2:H$71,F16)) | G34: =IF(G16="","",COUNTIF(MODEL_MATRIX!I$2:I$71,G16)) | H34: =IF(H16="","",COUNTIF(MODEL_MATRIX!J$2:J$71,H16)) | ... Y34: =IF(Y16="","",COUNTIF(MODEL_MATRIX!AA$2:AA$71,Y16))
A35: =IF(A17="","",COUNTIF(MODEL_MATRIX!C$2:C$71,A17)) -> 16 | B35: =IF(B17="","",COUNTIF(MODEL_MATRIX!D$2:D$71,B17)) -> 16 | C35: =IF(C17="","",COUNTIF(MODEL_MATRIX!E$2:E$71,C17)) -> 16 | D35: =IF(D17="","",COUNTIF(MODEL_MATRIX!F$2:F$71,D17)) -> 16 | E35: =IF(E17="","",COUNTIF(MODEL_MATRIX!G$2:G$71,E17)) -> 16 | F35: =IF(F17="","",COUNTIF(MODEL_MATRIX!H$2:H$71,F17)) | G35: =IF(G17="","",COUNTIF(MODEL_MATRIX!I$2:I$71,G17)) | H35: =IF(H17="","",COUNTIF(MODEL_MATRIX!J$2:J$71,H17)) | ... Y35: =IF(Y17="","",COUNTIF(MODEL_MATRIX!AA$2:AA$71,Y17))
A36: =IF(A18="","",COUNTIF(MODEL_MATRIX!C$2:C$71,A18)) | B36: =IF(B18="","",COUNTIF(MODEL_MATRIX!D$2:D$71,B18)) | C36: =IF(C18="","",COUNTIF(MODEL_MATRIX!E$2:E$71,C18)) | D36: =IF(D18="","",COUNTIF(MODEL_MATRIX!F$2:F$71,D18)) | E36: =IF(E18="","",COUNTIF(MODEL_MATRIX!G$2:G$71,E18)) | F36: =IF(F18="","",COUNTIF(MODEL_MATRIX!H$2:H$71,F18)) | G36: =IF(G18="","",COUNTIF(MODEL_MATRIX!I$2:I$71,G18)) | H36: =IF(H18="","",COUNTIF(MODEL_MATRIX!J$2:J$71,H18)) | ... Y36: =IF(Y18="","",COUNTIF(MODEL_MATRIX!AA$2:AA$71,Y18))
A37: =IF(A19="","",COUNTIF(MODEL_MATRIX!C$2:C$71,A19)) | B37: =IF(B19="","",COUNTIF(MODEL_MATRIX!D$2:D$71,B19)) | C37: =IF(C19="","",COUNTIF(MODEL_MATRIX!E$2:E$71,C19)) | D37: =IF(D19="","",COUNTIF(MODEL_MATRIX!F$2:F$71,D19)) | E37: =IF(E19="","",COUNTIF(MODEL_MATRIX!G$2:G$71,E19)) | F37: =IF(F19="","",COUNTIF(MODEL_MATRIX!H$2:H$71,F19)) | G37: =IF(G19="","",COUNTIF(MODEL_MATRIX!I$2:I$71,G19)) | H37: =IF(H19="","",COUNTIF(MODEL_MATRIX!J$2:J$71,H19)) | ... Y37: =IF(Y19="","",COUNTIF(MODEL_MATRIX!AA$2:AA$71,Y19))
A38: =IF(A20="","",COUNTIF(MODEL_MATRIX!C$2:C$71,A20)) | B38: =IF(B20="","",COUNTIF(MODEL_MATRIX!D$2:D$71,B20)) | C38: =IF(C20="","",COUNTIF(MODEL_MATRIX!E$2:E$71,C20)) | D38: =IF(D20="","",COUNTIF(MODEL_MATRIX!F$2:F$71,D20)) | E38: =IF(E20="","",COUNTIF(MODEL_MATRIX!G$2:G$71,E20)) | F38: =IF(F20="","",COUNTIF(MODEL_MATRIX!H$2:H$71,F20)) | G38: =IF(G20="","",COUNTIF(MODEL_MATRIX!I$2:I$71,G20)) | H38: =IF(H20="","",COUNTIF(MODEL_MATRIX!J$2:J$71,H20)) | ... Y38: =IF(Y20="","",COUNTIF(MODEL_MATRIX!AA$2:AA$71,Y20))
A39: =IF(A21="","",COUNTIF(MODEL_MATRIX!C$2:C$71,A21)) | B39: =IF(B21="","",COUNTIF(MODEL_MATRIX!D$2:D$71,B21)) | C39: =IF(C21="","",COUNTIF(MODEL_MATRIX!E$2:E$71,C21)) | D39: =IF(D21="","",COUNTIF(MODEL_MATRIX!F$2:F$71,D21)) | E39: =IF(E21="","",COUNTIF(MODEL_MATRIX!G$2:G$71,E21)) | F39: =IF(F21="","",COUNTIF(MODEL_MATRIX!H$2:H$71,F21)) | G39: =IF(G21="","",COUNTIF(MODEL_MATRIX!I$2:I$71,G21)) | H39: =IF(H21="","",COUNTIF(MODEL_MATRIX!J$2:J$71,H21)) | ... Y39: =IF(Y21="","",COUNTIF(MODEL_MATRIX!AA$2:AA$71,Y21))
A40: =IF(A22="","",COUNTIF(MODEL_MATRIX!C$2:C$71,A22)) | B40: =IF(B22="","",COUNTIF(MODEL_MATRIX!D$2:D$71,B22)) | C40: =IF(C22="","",COUNTIF(MODEL_MATRIX!E$2:E$71,C22)) | D40: =IF(D22="","",COUNTIF(MODEL_MATRIX!F$2:F$71,D22)) | E40: =IF(E22="","",COUNTIF(MODEL_MATRIX!G$2:G$71,E22)) | F40: =IF(F22="","",COUNTIF(MODEL_MATRIX!H$2:H$71,F22)) | G40: =IF(G22="","",COUNTIF(MODEL_MATRIX!I$2:I$71,G22)) | H40: =IF(H22="","",COUNTIF(MODEL_MATRIX!J$2:J$71,H22)) | ... Y40: =IF(Y22="","",COUNTIF(MODEL_MATRIX!AA$2:AA$71,Y22))
A41: =IF(A23="","",COUNTIF(MODEL_MATRIX!C$2:C$71,A23)) | B41: =IF(B23="","",COUNTIF(MODEL_MATRIX!D$2:D$71,B23)) | C41: =IF(C23="","",COUNTIF(MODEL_MATRIX!E$2:E$71,C23)) | D41: =IF(D23="","",COUNTIF(MODEL_MATRIX!F$2:F$71,D23)) | E41: =IF(E23="","",COUNTIF(MODEL_MATRIX!G$2:G$71,E23)) | F41: =IF(F23="","",COUNTIF(MODEL_MATRIX!H$2:H$71,F23)) | G41: =IF(G23="","",COUNTIF(MODEL_MATRIX!I$2:I$71,G23)) | H41: =IF(H23="","",COUNTIF(MODEL_MATRIX!J$2:J$71,H23)) | ... Y41: =IF(Y23="","",COUNTIF(MODEL_MATRIX!AA$2:AA$71,Y23))
A42: =IF(A24="","",COUNTIF(MODEL_MATRIX!C$2:C$71,A24)) | B42: =IF(B24="","",COUNTIF(MODEL_MATRIX!D$2:D$71,B24)) | C42: =IF(C24="","",COUNTIF(MODEL_MATRIX!E$2:E$71,C24)) | D42: =IF(D24="","",COUNTIF(MODEL_MATRIX!F$2:F$71,D24)) | E42: =IF(E24="","",COUNTIF(MODEL_MATRIX!G$2:G$71,E24)) | F42: =IF(F24="","",COUNTIF(MODEL_MATRIX!H$2:H$71,F24)) | G42: =IF(G24="","",COUNTIF(MODEL_MATRIX!I$2:I$71,G24)) | H42: =IF(H24="","",COUNTIF(MODEL_MATRIX!J$2:J$71,H24)) | ... Y42: =IF(Y24="","",COUNTIF(MODEL_MATRIX!AA$2:AA$71,Y24))
A45: Averages per level | J45: Grand average | M45: =AVERAGE(EXP_MATRIX!B2:B71) -> 5.988929
A46: =A49 -> A | B46: =B49 -> C | C46: =C49 -> E | D46: =D49 -> AC | E46: =E49 -> AE | F46: =F49 | G46: =G49 | H46: =H49 | ... Y46: =Y49
A47: =IF(A49="","",OFFSET(A49,COUNT(A50:A58),0)-A50) -> -0.95248633 | B47: =IF(B49="","",OFFSET(B49,COUNT(B50:B58),0)-B50) -> 2.1673851 | C47: =IF(C49="","",OFFSET(C49,COUNT(C50:C58),0)-C50) -> 0.9359803 | D47: =IF(D49="","",OFFSET(D49,COUNT(D50:D58),0)-D50) -> -0.71972811 | E47: =IF(E49="","",OFFSET(E49,COUNT(E50:E58),0)-E50) -> 0.83766711 | F47: =IF(F49="","",OFFSET(F49,COUNT(F50:F58),0)-F50) | G47: =IF(G49="","",OFFSET(G49,COUNT(G50:G58),0)-G50) | H47: =IF(H49="","",OFFSET(H49,COUNT(H50:H58),0)-H50) | ... Y47: =IF(Y49="","",OFFSET(Y49,COUNT(Y50:Y58),0)-Y50) | Z47: << High-Low
A48: =IF(A49="","",MAX(A50:A58)-MIN(A50:A58)) -> 0.95248633 | B48: =IF(B49="","",MAX(B50:B58)-MIN(B50:B58)) -> 2.1673851 | C48: =IF(C49="","",MAX(C50:C58)-MIN(C50:C58)) -> 0.9359803 | D48: =IF(D49="","",MAX(D50:D58)-MIN(D50:D58)) -> 0.71972811 | E48: =IF(E49="","",MAX(E50:E58)-MIN(E50:E58)) -> 0.83766711 | F48: =IF(F49="","",MAX(F50:F58)-MIN(F50:F58)) | G48: =IF(G49="","",MAX(G50:G58)-MIN(G50:G58)) | H48: =IF(H49="","",MAX(H50:H58)-MIN(H50:H58)) | ... Y48: =IF(Y49="","",MAX(Y50:Y58)-MIN(Y50:Y58)) | Z48: << Range
A49: =A15 -> A | B49: =B15 -> C | C49: =C15 -> E | D49: =D15 -> AC | E49: =E15 -> AE | F49: =F15 | G49: =G15 | H49: =H15 | ... Y49: =Y15
A50: {=IF(A16="","",AVERAGE(IF(MODEL_MATRIX!C$2:C$71="","",IF(ROUND(MODEL_MATRIX!C$2:C$71,10)=ROUND(A16,10),MODEL_MATRIX!$B$2:$B$71))))} -> 6.4651722 | B50: {=IF(B16="","",AVERAGE(IF(MODEL_MATRIX!D$2:D$71="","",IF(ROUND(MODEL_MATRIX!D$2:D$71,10)=ROUND(B16,10),MODEL_MATRIX!$B$2:$B$71))))} -> 4.9052365 | C50: {=IF(C16="","",AVERAGE(IF(MODEL_MATRIX!E$2:E$71="","",IF(ROUND(MODEL_MATRIX!E$2:E$71,10)=ROUND(C16,10),MODEL_MATRIX!$B$2:$B$71))))} -> 5.5209389 | D50: {=IF(D16="","",AVERAGE(IF(MODEL_MATRIX!F$2:F$71="","",IF(ROUND(MODEL_MATRIX!F$2:F$71,10)=ROUND(D16,10),MODEL_MATRIX!$B$2:$B$71))))} -> 6.3487931 | E50: {=IF(E16="","",AVERAGE(IF(MODEL_MATRIX!G$2:G$71="","",IF(ROUND(MODEL_MATRIX!G$2:G$71,10)=ROUND(E16,10),MODEL_MATRIX!$B$2:$B$71))))} -> 5.5700955 | F50: {=IF(F16="","",AVERAGE(IF(MODEL_MATRIX!H$2:H$71="","",IF(ROUND(MODEL_MATRIX!H$2:H$71,10)=ROUND(F16,10),MODEL_MATRIX!$B$2:$B$71))))} | G50: {=IF(G16="","",AVERAGE(IF(MODEL_MATRIX!I$2:I$71="","",IF(ROUND(MODEL_MATRIX!I$2:I$71,10)=ROUND(G16,10),MODEL_MATRIX!$B$2:$B$71))))} | H50: {=IF(H16="","",AVERAGE(IF(MODEL_MATRIX!J$2:J$71="","",IF(ROUND(MODEL_MATRIX!J$2:J$71,10)=ROUND(H16,10),MODEL_MATRIX!$B$2:$B$71))))} | ... Y50: {=IF(Y16="","",AVERAGE(IF(MODEL_MATRIX!AA$2:AA$71="","",IF(ROUND(MODEL_MATRIX!AA$2:AA$71,10)=ROUND(Y16,10),MODEL_MATRIX!$B$2:$B$71))))}
A51: {=IF(A17="","",AVERAGE(IF(MODEL_MATRIX!C$2:C$71="","",IF(ROUND(MODEL_MATRIX!C$2:C$71,10)=ROUND(A17,10),MODEL_MATRIX!$B$2:$B$71))))} -> 5.5126858 | B51: {=IF(B17="","",AVERAGE(IF(MODEL_MATRIX!D$2:D$71="","",IF(ROUND(MODEL_MATRIX!D$2:D$71,10)=ROUND(B17,10),MODEL_MATRIX!$B$2:$B$71))))} -> 7.0726216 | C51: {=IF(C17="","",AVERAGE(IF(MODEL_MATRIX!E$2:E$71="","",IF(ROUND(MODEL_MATRIX!E$2:E$71,10)=ROUND(C17,10),MODEL_MATRIX!$B$2:$B$71))))} -> 6.4569192 | D51: {=IF(D17="","",AVERAGE(IF(MODEL_MATRIX!F$2:F$71="","",IF(ROUND(MODEL_MATRIX!F$2:F$71,10)=ROUND(D17,10),MODEL_MATRIX!$B$2:$B$71))))} -> 5.629065 | E51: {=IF(E17="","",AVERAGE(IF(MODEL_MATRIX!G$2:G$71="","",IF(ROUND(MODEL_MATRIX!G$2:G$71,10)=ROUND(E17,10),MODEL_MATRIX!$B$2:$B$71))))} -> 6.4077626 | F51: {=IF(F17="","",AVERAGE(IF(MODEL_MATRIX!H$2:H$71="","",IF(ROUND(MODEL_MATRIX!H$2:H$71,10)=ROUND(F17,10),MODEL_MATRIX!$B$2:$B$71))))} | G51: {=IF(G17="","",AVERAGE(IF(MODEL_MATRIX!I$2:I$71="","",IF(ROUND(MODEL_MATRIX!I$2:I$71,10)=ROUND(G17,10),MODEL_MATRIX!$B$2:$B$71))))} | H51: {=IF(H17="","",AVERAGE(IF(MODEL_MATRIX!J$2:J$71="","",IF(ROUND(MODEL_MATRIX!J$2:J$71,10)=ROUND(H17,10),MODEL_MATRIX!$B$2:$B$71))))} | ... Y51: {=IF(Y17="","",AVERAGE(IF(MODEL_MATRIX!AA$2:AA$71="","",IF(ROUND(MODEL_MATRIX!AA$2:AA$71,10)=ROUND(Y17,10),MODEL_MATRIX!$B$2:$B$71))))}
A52: {=IF(A18="","",AVERAGE(IF(MODEL_MATRIX!C$2:C$71="","",IF(ROUND(MODEL_MATRIX!C$2:C$71,10)=ROUND(A18,10),MODEL_MATRIX!$B$2:$B$71))))} | B52: {=IF(B18="","",AVERAGE(IF(MODEL_MATRIX!D$2:D$71="","",IF(ROUND(MODEL_MATRIX!D$2:D$71,10)=ROUND(B18,10),MODEL_MATRIX!$B$2:$B$71))))} | C52: {=IF(C18="","",AVERAGE(IF(MODEL_MATRIX!E$2:E$71="","",IF(ROUND(MODEL_MATRIX!E$2:E$71,10)=ROUND(C18,10),MODEL_MATRIX!$B$2:$B$71))))} | D52: {=IF(D18="","",AVERAGE(IF(MODEL_MATRIX!F$2:F$71="","",IF(ROUND(MODEL_MATRIX!F$2:F$71,10)=ROUND(D18,10),MODEL_MATRIX!$B$2:$B$71))))} | E52: {=IF(E18="","",AVERAGE(IF(MODEL_MATRIX!G$2:G$71="","",IF(ROUND(MODEL_MATRIX!G$2:G$71,10)=ROUND(E18,10),MODEL_MATRIX!$B$2:$B$71))))} | F52: {=IF(F18="","",AVERAGE(IF(MODEL_MATRIX!H$2:H$71="","",IF(ROUND(MODEL_MATRIX!H$2:H$71,10)=ROUND(F18,10),MODEL_MATRIX!$B$2:$B$71))))} | G52: {=IF(G18="","",AVERAGE(IF(MODEL_MATRIX!I$2:I$71="","",IF(ROUND(MODEL_MATRIX!I$2:I$71,10)=ROUND(G18,10),MODEL_MATRIX!$B$2:$B$71))))} | H52: {=IF(H18="","",AVERAGE(IF(MODEL_MATRIX!J$2:J$71="","",IF(ROUND(MODEL_MATRIX!J$2:J$71,10)=ROUND(H18,10),MODEL_MATRIX!$B$2:$B$71))))} | ... Y52: {=IF(Y18="","",AVERAGE(IF(MODEL_MATRIX!AA$2:AA$71="","",IF(ROUND(MODEL_MATRIX!AA$2:AA$71,10)=ROUND(Y18,10),MODEL_MATRIX!$B$2:$B$71))))}
A53: {=IF(A19="","",AVERAGE(IF(MODEL_MATRIX!C$2:C$71="","",IF(ROUND(MODEL_MATRIX!C$2:C$71,10)=ROUND(A19,10),MODEL_MATRIX!$B$2:$B$71))))} | B53: {=IF(B19="","",AVERAGE(IF(MODEL_MATRIX!D$2:D$71="","",IF(ROUND(MODEL_MATRIX!D$2:D$71,10)=ROUND(B19,10),MODEL_MATRIX!$B$2:$B$71))))} | C53: {=IF(C19="","",AVERAGE(IF(MODEL_MATRIX!E$2:E$71="","",IF(ROUND(MODEL_MATRIX!E$2:E$71,10)=ROUND(C19,10),MODEL_MATRIX!$B$2:$B$71))))} | D53: {=IF(D19="","",AVERAGE(IF(MODEL_MATRIX!F$2:F$71="","",IF(ROUND(MODEL_MATRIX!F$2:F$71,10)=ROUND(D19,10),MODEL_MATRIX!$B$2:$B$71))))} | E53: {=IF(E19="","",AVERAGE(IF(MODEL_MATRIX!G$2:G$71="","",IF(ROUND(MODEL_MATRIX!G$2:G$71,10)=ROUND(E19,10),MODEL_MATRIX!$B$2:$B$71))))} | F53: {=IF(F19="","",AVERAGE(IF(MODEL_MATRIX!H$2:H$71="","",IF(ROUND(MODEL_MATRIX!H$2:H$71,10)=ROUND(F19,10),MODEL_MATRIX!$B$2:$B$71))))} | G53: {=IF(G19="","",AVERAGE(IF(MODEL_MATRIX!I$2:I$71="","",IF(ROUND(MODEL_MATRIX!I$2:I$71,10)=ROUND(G19,10),MODEL_MATRIX!$B$2:$B$71))))} | H53: {=IF(H19="","",AVERAGE(IF(MODEL_MATRIX!J$2:J$71="","",IF(ROUND(MODEL_MATRIX!J$2:J$71,10)=ROUND(H19,10),MODEL_MATRIX!$B$2:$B$71))))} | ... Y53: {=IF(Y19="","",AVERAGE(IF(MODEL_MATRIX!AA$2:AA$71="","",IF(ROUND(MODEL_MATRIX!AA$2:AA$71,10)=ROUND(Y19,10),MODEL_MATRIX!$B$2:$B$71))))}
A54: {=IF(A20="","",AVERAGE(IF(MODEL_MATRIX!C$2:C$71="","",IF(ROUND(MODEL_MATRIX!C$2:C$71,10)=ROUND(A20,10),MODEL_MATRIX!$B$2:$B$71))))} | B54: {=IF(B20="","",AVERAGE(IF(MODEL_MATRIX!D$2:D$71="","",IF(ROUND(MODEL_MATRIX!D$2:D$71,10)=ROUND(B20,10),MODEL_MATRIX!$B$2:$B$71))))} | C54: {=IF(C20="","",AVERAGE(IF(MODEL_MATRIX!E$2:E$71="","",IF(ROUND(MODEL_MATRIX!E$2:E$71,10)=ROUND(C20,10),MODEL_MATRIX!$B$2:$B$71))))} | D54: {=IF(D20="","",AVERAGE(IF(MODEL_MATRIX!F$2:F$71="","",IF(ROUND(MODEL_MATRIX!F$2:F$71,10)=ROUND(D20,10),MODEL_MATRIX!$B$2:$B$71))))} | E54: {=IF(E20="","",AVERAGE(IF(MODEL_MATRIX!G$2:G$71="","",IF(ROUND(MODEL_MATRIX!G$2:G$71,10)=ROUND(E20,10),MODEL_MATRIX!$B$2:$B$71))))} | F54: {=IF(F20="","",AVERAGE(IF(MODEL_MATRIX!H$2:H$71="","",IF(ROUND(MODEL_MATRIX!H$2:H$71,10)=ROUND(F20,10),MODEL_MATRIX!$B$2:$B$71))))} | G54: {=IF(G20="","",AVERAGE(IF(MODEL_MATRIX!I$2:I$71="","",IF(ROUND(MODEL_MATRIX!I$2:I$71,10)=ROUND(G20,10),MODEL_MATRIX!$B$2:$B$71))))} | H54: {=IF(H20="","",AVERAGE(IF(MODEL_MATRIX!J$2:J$71="","",IF(ROUND(MODEL_MATRIX!J$2:J$71,10)=ROUND(H20,10),MODEL_MATRIX!$B$2:$B$71))))} | ... Y54: {=IF(Y20="","",AVERAGE(IF(MODEL_MATRIX!AA$2:AA$71="","",IF(ROUND(MODEL_MATRIX!AA$2:AA$71,10)=ROUND(Y20,10),MODEL_MATRIX!$B$2:$B$71))))}
A55: {=IF(A21="","",AVERAGE(IF(MODEL_MATRIX!C$2:C$71="","",IF(ROUND(MODEL_MATRIX!C$2:C$71,10)=ROUND(A21,10),MODEL_MATRIX!$B$2:$B$71))))} | B55: {=IF(B21="","",AVERAGE(IF(MODEL_MATRIX!D$2:D$71="","",IF(ROUND(MODEL_MATRIX!D$2:D$71,10)=ROUND(B21,10),MODEL_MATRIX!$B$2:$B$71))))} | C55: {=IF(C21="","",AVERAGE(IF(MODEL_MATRIX!E$2:E$71="","",IF(ROUND(MODEL_MATRIX!E$2:E$71,10)=ROUND(C21,10),MODEL_MATRIX!$B$2:$B$71))))} | D55: {=IF(D21="","",AVERAGE(IF(MODEL_MATRIX!F$2:F$71="","",IF(ROUND(MODEL_MATRIX!F$2:F$71,10)=ROUND(D21,10),MODEL_MATRIX!$B$2:$B$71))))} | E55: {=IF(E21="","",AVERAGE(IF(MODEL_MATRIX!G$2:G$71="","",IF(ROUND(MODEL_MATRIX!G$2:G$71,10)=ROUND(E21,10),MODEL_MATRIX!$B$2:$B$71))))} | F55: {=IF(F21="","",AVERAGE(IF(MODEL_MATRIX!H$2:H$71="","",IF(ROUND(MODEL_MATRIX!H$2:H$71,10)=ROUND(F21,10),MODEL_MATRIX!$B$2:$B$71))))} | G55: {=IF(G21="","",AVERAGE(IF(MODEL_MATRIX!I$2:I$71="","",IF(ROUND(MODEL_MATRIX!I$2:I$71,10)=ROUND(G21,10),MODEL_MATRIX!$B$2:$B$71))))} | H55: {=IF(H21="","",AVERAGE(IF(MODEL_MATRIX!J$2:J$71="","",IF(ROUND(MODEL_MATRIX!J$2:J$71,10)=ROUND(H21,10),MODEL_MATRIX!$B$2:$B$71))))} | ... Y55: {=IF(Y21="","",AVERAGE(IF(MODEL_MATRIX!AA$2:AA$71="","",IF(ROUND(MODEL_MATRIX!AA$2:AA$71,10)=ROUND(Y21,10),MODEL_MATRIX!$B$2:$B$71))))}
A56: {=IF(A22="","",AVERAGE(IF(MODEL_MATRIX!C$2:C$71="","",IF(ROUND(MODEL_MATRIX!C$2:C$71,10)=ROUND(A22,10),MODEL_MATRIX!$B$2:$B$71))))} | B56: {=IF(B22="","",AVERAGE(IF(MODEL_MATRIX!D$2:D$71="","",IF(ROUND(MODEL_MATRIX!D$2:D$71,10)=ROUND(B22,10),MODEL_MATRIX!$B$2:$B$71))))} | C56: {=IF(C22="","",AVERAGE(IF(MODEL_MATRIX!E$2:E$71="","",IF(ROUND(MODEL_MATRIX!E$2:E$71,10)=ROUND(C22,10),MODEL_MATRIX!$B$2:$B$71))))} | D56: {=IF(D22="","",AVERAGE(IF(MODEL_MATRIX!F$2:F$71="","",IF(ROUND(MODEL_MATRIX!F$2:F$71,10)=ROUND(D22,10),MODEL_MATRIX!$B$2:$B$71))))} | E56: {=IF(E22="","",AVERAGE(IF(MODEL_MATRIX!G$2:G$71="","",IF(ROUND(MODEL_MATRIX!G$2:G$71,10)=ROUND(E22,10),MODEL_MATRIX!$B$2:$B$71))))} | F56: {=IF(F22="","",AVERAGE(IF(MODEL_MATRIX!H$2:H$71="","",IF(ROUND(MODEL_MATRIX!H$2:H$71,10)=ROUND(F22,10),MODEL_MATRIX!$B$2:$B$71))))} | G56: {=IF(G22="","",AVERAGE(IF(MODEL_MATRIX!I$2:I$71="","",IF(ROUND(MODEL_MATRIX!I$2:I$71,10)=ROUND(G22,10),MODEL_MATRIX!$B$2:$B$71))))} | H56: {=IF(H22="","",AVERAGE(IF(MODEL_MATRIX!J$2:J$71="","",IF(ROUND(MODEL_MATRIX!J$2:J$71,10)=ROUND(H22,10),MODEL_MATRIX!$B$2:$B$71))))} | ... Y56: {=IF(Y22="","",AVERAGE(IF(MODEL_MATRIX!AA$2:AA$71="","",IF(ROUND(MODEL_MATRIX!AA$2:AA$71,10)=ROUND(Y22,10),MODEL_MATRIX!$B$2:$B$71))))}
A57: {=IF(A23="","",AVERAGE(IF(MODEL_MATRIX!C$2:C$71="","",IF(ROUND(MODEL_MATRIX!C$2:C$71,10)=ROUND(A23,10),MODEL_MATRIX!$B$2:$B$71))))} | B57: {=IF(B23="","",AVERAGE(IF(MODEL_MATRIX!D$2:D$71="","",IF(ROUND(MODEL_MATRIX!D$2:D$71,10)=ROUND(B23,10),MODEL_MATRIX!$B$2:$B$71))))} | C57: {=IF(C23="","",AVERAGE(IF(MODEL_MATRIX!E$2:E$71="","",IF(ROUND(MODEL_MATRIX!E$2:E$71,10)=ROUND(C23,10),MODEL_MATRIX!$B$2:$B$71))))} | D57: {=IF(D23="","",AVERAGE(IF(MODEL_MATRIX!F$2:F$71="","",IF(ROUND(MODEL_MATRIX!F$2:F$71,10)=ROUND(D23,10),MODEL_MATRIX!$B$2:$B$71))))} | E57: {=IF(E23="","",AVERAGE(IF(MODEL_MATRIX!G$2:G$71="","",IF(ROUND(MODEL_MATRIX!G$2:G$71,10)=ROUND(E23,10),MODEL_MATRIX!$B$2:$B$71))))} | F57: {=IF(F23="","",AVERAGE(IF(MODEL_MATRIX!H$2:H$71="","",IF(ROUND(MODEL_MATRIX!H$2:H$71,10)=ROUND(F23,10),MODEL_MATRIX!$B$2:$B$71))))} | G57: {=IF(G23="","",AVERAGE(IF(MODEL_MATRIX!I$2:I$71="","",IF(ROUND(MODEL_MATRIX!I$2:I$71,10)=ROUND(G23,10),MODEL_MATRIX!$B$2:$B$71))))} | H57: {=IF(H23="","",AVERAGE(IF(MODEL_MATRIX!J$2:J$71="","",IF(ROUND(MODEL_MATRIX!J$2:J$71,10)=ROUND(H23,10),MODEL_MATRIX!$B$2:$B$71))))} | ... Y57: {=IF(Y23="","",AVERAGE(IF(MODEL_MATRIX!AA$2:AA$71="","",IF(ROUND(MODEL_MATRIX!AA$2:AA$71,10)=ROUND(Y23,10),MODEL_MATRIX!$B$2:$B$71))))}
A58: {=IF(A24="","",AVERAGE(IF(MODEL_MATRIX!C$2:C$71="","",IF(ROUND(MODEL_MATRIX!C$2:C$71,10)=ROUND(A24,10),MODEL_MATRIX!$B$2:$B$71))))} | B58: {=IF(B24="","",AVERAGE(IF(MODEL_MATRIX!D$2:D$71="","",IF(ROUND(MODEL_MATRIX!D$2:D$71,10)=ROUND(B24,10),MODEL_MATRIX!$B$2:$B$71))))} | C58: {=IF(C24="","",AVERAGE(IF(MODEL_MATRIX!E$2:E$71="","",IF(ROUND(MODEL_MATRIX!E$2:E$71,10)=ROUND(C24,10),MODEL_MATRIX!$B$2:$B$71))))} | D58: {=IF(D24="","",AVERAGE(IF(MODEL_MATRIX!F$2:F$71="","",IF(ROUND(MODEL_MATRIX!F$2:F$71,10)=ROUND(D24,10),MODEL_MATRIX!$B$2:$B$71))))} | E58: {=IF(E24="","",AVERAGE(IF(MODEL_MATRIX!G$2:G$71="","",IF(ROUND(MODEL_MATRIX!G$2:G$71,10)=ROUND(E24,10),MODEL_MATRIX!$B$2:$B$71))))} | F58: {=IF(F24="","",AVERAGE(IF(MODEL_MATRIX!H$2:H$71="","",IF(ROUND(MODEL_MATRIX!H$2:H$71,10)=ROUND(F24,10),MODEL_MATRIX!$B$2:$B$71))))} | G58: {=IF(G24="","",AVERAGE(IF(MODEL_MATRIX!I$2:I$71="","",IF(ROUND(MODEL_MATRIX!I$2:I$71,10)=ROUND(G24,10),MODEL_MATRIX!$B$2:$B$71))))} | H58: {=IF(H24="","",AVERAGE(IF(MODEL_MATRIX!J$2:J$71="","",IF(ROUND(MODEL_MATRIX!J$2:J$71,10)=ROUND(H24,10),MODEL_MATRIX!$B$2:$B$71))))} | ... Y58: {=IF(Y24="","",AVERAGE(IF(MODEL_MATRIX!AA$2:AA$71="","",IF(ROUND(MODEL_MATRIX!AA$2:AA$71,10)=ROUND(Y24,10),MODEL_MATRIX!$B$2:$B$71))))}
A61: Explained variability | J61: Total SS | M61: =T61+T62 -> 77.027828 | Q61: Model SS | T61: =MODEL_FIT!B10 -> 61.604337 | V61: =MODEL_FIT!B8 -> 0.79976729 | Z61: Component explained variability wil only make sense if the model matrix is fully orthogonal. Extreme caution if this is not the case.
Q62: Residual SS | T62: =MODEL_FIT!C10 -> 15.42349
A63: =A66 -> A | B63: =B66 -> C | C63: =C66 -> E | D63: =D66 -> AC | E63: =E66 -> AE | F63: =F66 | G63: =G66 | H63: =H66 | ... Y63: =Y66
A64: =IF(A66="","",A65/$M$61) -> 0.094223632 | B64: =IF(B66="","",B65/$M$61) -> 0.48788166 | C64: =IF(C66="","",C65/$M$61) -> 0.090986247 | D64: =IF(D66="","",D65/$M$61) -> 0.053799627 | E64: =IF(E66="","",E65/$M$61) -> 0.072876124 | F64: =IF(F66="","",F65/$M$61) | G64: =IF(G66="","",G65/$M$61) | H64: =IF(H66="","",H65/$M$61) | ... Y64: =IF(Y66="","",Y65/$M$61)
A65: =IF(A66="","",SUM(A67:A75)) -> 7.2578416 | B65: =IF(B66="","",SUM(B67:B75)) -> 37.580465 | C65: =IF(C66="","",SUM(C67:C75)) -> 7.0084729 | D65: =IF(D66="","",SUM(D67:D75)) -> 4.1440684 | E65: =IF(E66="","",SUM(E67:E75)) -> 5.6134895 | F65: =IF(F66="","",SUM(F67:F75)) | G65: =IF(G66="","",SUM(G67:G75)) | H65: =IF(H66="","",SUM(H67:H75)) | ... Y65: =IF(Y66="","",SUM(Y67:Y75))
A66: =A49 -> A | B66: =B49 -> C | C66: =C49 -> E | D66: =D49 -> AC | E66: =E49 -> AE | F66: =F49 | G66: =G49 | H66: =H49 | ... Y66: =Y49
A67: =IF(A50="","",A34*(A50-$M$45)^2) -> 3.6289208 | B67: =IF(B50="","",B34*(B50-$M$45)^2) -> 18.790232 | C67: =IF(C50="","",C34*(C50-$M$45)^2) -> 3.5042365 | D67: =IF(D50="","",D34*(D50-$M$45)^2) -> 2.0720342 | E67: =IF(E50="","",E34*(E50-$M$45)^2) -> 2.8067447 | F67: =IF(F50="","",F34*(F50-$M$45)^2) | G67: =IF(G50="","",G34*(G50-$M$45)^2) | H67: =IF(H50="","",H34*(H50-$M$45)^2) | ... Y67: =IF(Y50="","",Y34*(Y50-$M$45)^2)
A68: =IF(A51="","",A35*(A51-$M$45)^2) -> 3.6289208 | B68: =IF(B51="","",B35*(B51-$M$45)^2) -> 18.790232 | C68: =IF(C51="","",C35*(C51-$M$45)^2) -> 3.5042365 | D68: =IF(D51="","",D35*(D51-$M$45)^2) -> 2.0720342 | E68: =IF(E51="","",E35*(E51-$M$45)^2) -> 2.8067447 | F68: =IF(F51="","",F35*(F51-$M$45)^2) | G68: =IF(G51="","",G35*(G51-$M$45)^2) | H68: =IF(H51="","",H35*(H51-$M$45)^2) | ... Y68: =IF(Y51="","",Y35*(Y51-$M$45)^2)
A69: =IF(A52="","",A36*(A52-$M$45)^2) | B69: =IF(B52="","",B36*(B52-$M$45)^2) | C69: =IF(C52="","",C36*(C52-$M$45)^2) | D69: =IF(D52="","",D36*(D52-$M$45)^2) | E69: =IF(E52="","",E36*(E52-$M$45)^2) | F69: =IF(F52="","",F36*(F52-$M$45)^2) | G69: =IF(G52="","",G36*(G52-$M$45)^2) | H69: =IF(H52="","",H36*(H52-$M$45)^2) | ... Y69: =IF(Y52="","",Y36*(Y52-$M$45)^2)
A70: =IF(A53="","",A37*(A53-$M$45)^2) | B70: =IF(B53="","",B37*(B53-$M$45)^2) | C70: =IF(C53="","",C37*(C53-$M$45)^2) | D70: =IF(D53="","",D37*(D53-$M$45)^2) | E70: =IF(E53="","",E37*(E53-$M$45)^2) | F70: =IF(F53="","",F37*(F53-$M$45)^2) | G70: =IF(G53="","",G37*(G53-$M$45)^2) | H70: =IF(H53="","",H37*(H53-$M$45)^2) | ... Y70: =IF(Y53="","",Y37*(Y53-$M$45)^2)
A71: =IF(A54="","",A38*(A54-$M$45)^2) | B71: =IF(B54="","",B38*(B54-$M$45)^2) | C71: =IF(C54="","",C38*(C54-$M$45)^2) | D71: =IF(D54="","",D38*(D54-$M$45)^2) | E71: =IF(E54="","",E38*(E54-$M$45)^2) | F71: =IF(F54="","",F38*(F54-$M$45)^2) | G71: =IF(G54="","",G38*(G54-$M$45)^2) | H71: =IF(H54="","",H38*(H54-$M$45)^2) | ... Y71: =IF(Y54="","",Y38*(Y54-$M$45)^2)
A72: =IF(A55="","",A39*(A55-$M$45)^2) | B72: =IF(B55="","",B39*(B55-$M$45)^2) | C72: =IF(C55="","",C39*(C55-$M$45)^2) | D72: =IF(D55="","",D39*(D55-$M$45)^2) | E72: =IF(E55="","",E39*(E55-$M$45)^2) | F72: =IF(F55="","",F39*(F55-$M$45)^2) | G72: =IF(G55="","",G39*(G55-$M$45)^2) | H72: =IF(H55="","",H39*(H55-$M$45)^2) | ... Y72: =IF(Y55="","",Y39*(Y55-$M$45)^2)
A73: =IF(A56="","",A40*(A56-$M$45)^2) | B73: =IF(B56="","",B40*(B56-$M$45)^2) | C73: =IF(C56="","",C40*(C56-$M$45)^2) | D73: =IF(D56="","",D40*(D56-$M$45)^2) | E73: =IF(E56="","",E40*(E56-$M$45)^2) | F73: =IF(F56="","",F40*(F56-$M$45)^2) | G73: =IF(G56="","",G40*(G56-$M$45)^2) | H73: =IF(H56="","",H40*(H56-$M$45)^2) | ... Y73: =IF(Y56="","",Y40*(Y56-$M$45)^2)
A74: =IF(A57="","",A41*(A57-$M$45)^2) | B74: =IF(B57="","",B41*(B57-$M$45)^2) | C74: =IF(C57="","",C41*(C57-$M$45)^2) | D74: =IF(D57="","",D41*(D57-$M$45)^2) | E74: =IF(E57="","",E41*(E57-$M$45)^2) | F74: =IF(F57="","",F41*(F57-$M$45)^2) | G74: =IF(G57="","",G41*(G57-$M$45)^2) | H74: =IF(H57="","",H41*(H57-$M$45)^2) | ... Y74: =IF(Y57="","",Y41*(Y57-$M$45)^2)
A75: =IF(A58="","",A42*(A58-$M$45)^2) | B75: =IF(B58="","",B42*(B58-$M$45)^2) | C75: =IF(C58="","",C42*(C58-$M$45)^2) | D75: =IF(D58="","",D42*(D58-$M$45)^2) | E75: =IF(E58="","",E42*(E58-$M$45)^2) | F75: =IF(F58="","",F42*(F58-$M$45)^2) | G75: =IF(G58="","",G42*(G58-$M$45)^2) | H75: =IF(H58="","",H42*(H58-$M$45)^2) | ... Y75: =IF(Y58="","",Y42*(Y58-$M$45)^2)
A78: Explained variability (ANOVA Type II - Unique SS) | J78: Total SS | M78: =MODEL_ANOVA!C2 -> 77.027828
A79: =A66 -> A | B79: =B66 -> C | C79: =C66 -> E | D79: =D66 -> AC | E79: =E66 -> AE | F79: =F66 | G79: =G66 | H79: =H66 | ... Y79: =Y66
A80: =IF(A79="","",A81/$M$78) -> 0.094223632 | B80: =IF(B79="","",B81/$M$78) -> 0.48788166 | C80: =IF(C79="","",C81/$M$78) -> 0.090986247 | D80: =IF(D79="","",D81/$M$78) -> 0.053799627 | E80: =IF(E79="","",E81/$M$78) -> 0.072876124 | F80: =IF(F79="","",F81/$M$78) | G80: =IF(G79="","",G81/$M$78) | H80: =IF(H79="","",H81/$M$78) | ... Y80: =IF(Y79="","",Y81/$M$78)
A81: {=IFERROR(TRANSPOSE(MODEL_ANOVA!C7:C31),"")} -> 7.2578416 | B81: 37.580465 | C81: 7.0084729 | D81: 4.1440684 | E81: 5.6134895
A84: Factor variance contribution | J84: Total MC | M84: =SUM(A87:Y87) -> 61.604337
A85: =A63 -> A | B85: =B63 -> C | C85: =C63 -> E | D85: =D63 -> AC | E85: =E63 -> AE | F85: =F63 | G85: =G63 | H85: =H63 | ... Y85: =Y63
A86: =IF(A85="","",A87/$M$84) -> 0.11781381 | B86: =IF(B85="","",B87/$M$84) -> 0.61002953 | C86: =IF(C85="","",C87/$M$84) -> 0.1137659 | D86: =IF(D85="","",D87/$M$84) -> 0.067269102 | E86: =IF(E85="","",E87/$M$84) -> 0.09112166 | F86: =IF(F85="","",F87/$M$84) | G86: =IF(G85="","",G87/$M$84) | H86: =IF(H85="","",H87/$M$84) | ... Y86: =IF(Y85="","",Y87/$M$84)
A87: =IF(A85="","",A65/A28) -> 7.2578416 | B87: =IF(B85="","",B65/B28) -> 37.580465 | C87: =IF(C85="","",C65/C28) -> 7.0084729 | D87: =IF(D85="","",D65/D28) -> 4.1440684 | E87: =IF(E85="","",E65/E28) -> 5.6134895 | F87: =IF(F85="","",F65/F28) | G87: =IF(G85="","",G65/G28) | H87: =IF(H85="","",H65/H28) | ... Y87: =IF(Y85="","",Y65/Y28)

Sheet MODEL_PREDICTION
B1: alpha | C1: 0.05 | D1: k | E1: =_xlfn.T.INV(1-C1/2,AK7) -> 2.0555294
B3: Ypred | C3: S_Ypred | D3: CI_lwr | E3: CI_upr | F3: I | G3: =MODEL_MATRIX!C1 -> A | H3: =MODEL_MATRIX!D1 -> C | I3: =MODEL_MATRIX!E1 -> E | J3: =MODEL_MATRIX!F1 -> AC | K3: =MODEL_MATRIX!G1 -> AE | L3: =MODEL_MATRIX!H1 | M3: =MODEL_MATRIX!I1 | N3: =MODEL_MATRIX!J1 | ... AE3: =MODEL_MATRIX!AA1 | AG3: b | AH3: S_b | AJ3: S_res
A4: 1 | B4: {=IF(G4="","",MMULT(OFFSET(F4,0,0,COUNT(F4:F23),COUNT(F4:AE4)),OFFSET(AG4,0,0,COUNT(F4:AE4),1)))} | C4: {=IF(G4="","",(MMULT((OFFSET(F4,0,0,COUNT(F4:F23),COUNT(F4:AE4))-OFFSET(F31,0,0,COUNT(F4:F23),COUNT(F4:AE4)))^2,OFFSET(AH4,0,0,COUNT(F4:AE4),1)^2)+$AJ$4^2/$AJ$7)^0.5)} | D4: =IF(B4="","",B4-C4*$E$1) | E4: =IF(B4="","",B4+C4*$E$1) | F4: =IF(G4="","",1) | AF4: 1 | AG4: =IF(AF4>MODEL_FIT!$H$1+1,"",OFFSET(MODEL_FIT!$A$6,0,MODEL_FIT!$H$1+1-ROW()+ROW($AG$4),1,1)) -> 5.988929 | AH4: =IF(AF4>MODEL_FIT!$H$1+1,"",OFFSET(MODEL_FIT!$A$7,0,MODEL_FIT!$H$1+1-ROW()+ROW($AG$4),1,1)) -> 0.13615377 | AI4: =IF(AF4>MODEL_FIT!$H$1+1,"",OFFSET(MODEL_FIT!$A$5,0,MODEL_FIT!$H$1+1-ROW()+ROW($AG$4),1,1)) -> Intercept | AJ4: =MODEL_FIT!C8 -> 0.77020203 | AK4: =SQRT(AJ4^2/AJ7) -> 0.13615377
A5: 2 | D5: =IF(B5="","",B5-C5*$E$1) | E5: =IF(B5="","",B5+C5*$E$1) | F5: =IF(G5="","",1) | AF5: 2 | AG5: =IF(AF5>MODEL_FIT!$H$1+1,"",OFFSET(MODEL_FIT!$A$6,0,MODEL_FIT!$H$1+1-ROW()+ROW($AG$4),1,1)) -> -0.47624316 | AH5: =IF(AF5>MODEL_FIT!$H$1+1,"",OFFSET(MODEL_FIT!$A$7,0,MODEL_FIT!$H$1+1-ROW()+ROW($AG$4),1,1)) -> 0.13615377 | AI5: =IF(AF5>MODEL_FIT!$H$1+1,"",OFFSET(MODEL_FIT!$A$5,0,MODEL_FIT!$H$1+1-ROW()+ROW($AG$4),1,1)) -> A
A6: 3 | D6: =IF(B6="","",B6-C6*$E$1) | E6: =IF(B6="","",B6+C6*$E$1) | F6: =IF(G6="","",1) | AF6: 3 | AG6: =IF(AF6>MODEL_FIT!$H$1+1,"",OFFSET(MODEL_FIT!$A$6,0,MODEL_FIT!$H$1+1-ROW()+ROW($AG$4),1,1)) -> 1.0836925 | AH6: =IF(AF6>MODEL_FIT!$H$1+1,"",OFFSET(MODEL_FIT!$A$7,0,MODEL_FIT!$H$1+1-ROW()+ROW($AG$4),1,1)) -> 0.13615377 | AI6: =IF(AF6>MODEL_FIT!$H$1+1,"",OFFSET(MODEL_FIT!$A$5,0,MODEL_FIT!$H$1+1-ROW()+ROW($AG$4),1,1)) -> C | AJ6: n | AK6: gl
A7: 4 | D7: =IF(B7="","",B7-C7*$E$1) | E7: =IF(B7="","",B7+C7*$E$1) | F7: =IF(G7="","",1) | AF7: 4 | AG7: =IF(AF7>MODEL_FIT!$H$1+1,"",OFFSET(MODEL_FIT!$A$6,0,MODEL_FIT!$H$1+1-ROW()+ROW($AG$4),1,1)) -> 0.46799015 | AH7: =IF(AF7>MODEL_FIT!$H$1+1,"",OFFSET(MODEL_FIT!$A$7,0,MODEL_FIT!$H$1+1-ROW()+ROW($AG$4),1,1)) -> 0.13615377 | AI7: =IF(AF7>MODEL_FIT!$H$1+1,"",OFFSET(MODEL_FIT!$A$5,0,MODEL_FIT!$H$1+1-ROW()+ROW($AG$4),1,1)) -> E | AJ7: =DESIGN_FEATURES!E1 -> 32 | AK7: =MODEL_FIT!C9 -> 26
A8: 5 | D8: =IF(B8="","",B8-C8*$E$1) | E8: =IF(B8="","",B8+C8*$E$1) | F8: =IF(G8="","",1) | AF8: 5 | AG8: =IF(AF8>MODEL_FIT!$H$1+1,"",OFFSET(MODEL_FIT!$A$6,0,MODEL_FIT!$H$1+1-ROW()+ROW($AG$4),1,1)) -> -0.35986405 | AH8: =IF(AF8>MODEL_FIT!$H$1+1,"",OFFSET(MODEL_FIT!$A$7,0,MODEL_FIT!$H$1+1-ROW()+ROW($AG$4),1,1)) -> 0.13615377 | AI8: =IF(AF8>MODEL_FIT!$H$1+1,"",OFFSET(MODEL_FIT!$A$5,0,MODEL_FIT!$H$1+1-ROW()+ROW($AG$4),1,1)) -> AC
A9: 6 | D9: =IF(B9="","",B9-C9*$E$1) | E9: =IF(B9="","",B9+C9*$E$1) | F9: =IF(G9="","",1) | AF9: 6 | AG9: =IF(AF9>MODEL_FIT!$H$1+1,"",OFFSET(MODEL_FIT!$A$6,0,MODEL_FIT!$H$1+1-ROW()+ROW($AG$4),1,1)) -> 0.41883355 | AH9: =IF(AF9>MODEL_FIT!$H$1+1,"",OFFSET(MODEL_FIT!$A$7,0,MODEL_FIT!$H$1+1-ROW()+ROW($AG$4),1,1)) -> 0.13615377 | AI9: =IF(AF9>MODEL_FIT!$H$1+1,"",OFFSET(MODEL_FIT!$A$5,0,MODEL_FIT!$H$1+1-ROW()+ROW($AG$4),1,1)) -> AE
A10: 7 | D10: =IF(B10="","",B10-C10*$E$1) | E10: =IF(B10="","",B10+C10*$E$1) | F10: =IF(G10="","",1) | AF10: 7 | AG10: =IF(AF10>MODEL_FIT!$H$1+1,"",OFFSET(MODEL_FIT!$A$6,0,MODEL_FIT!$H$1+1-ROW()+ROW($AG$4),1,1)) | AH10: =IF(AF10>MODEL_FIT!$H$1+1,"",OFFSET(MODEL_FIT!$A$7,0,MODEL_FIT!$H$1+1-ROW()+ROW($AG$4),1,1)) | AI10: =IF(AF10>MODEL_FIT!$H$1+1,"",OFFSET(MODEL_FIT!$A$5,0,MODEL_FIT!$H$1+1-ROW()+ROW($AG$4),1,1))
A11: 8 | D11: =IF(B11="","",B11-C11*$E$1) | E11: =IF(B11="","",B11+C11*$E$1) | F11: =IF(G11="","",1) | AF11: 8 | AG11: =IF(AF11>MODEL_FIT!$H$1+1,"",OFFSET(MODEL_FIT!$A$6,0,MODEL_FIT!$H$1+1-ROW()+ROW($AG$4),1,1)) | AH11: =IF(AF11>MODEL_FIT!$H$1+1,"",OFFSET(MODEL_FIT!$A$7,0,MODEL_FIT!$H$1+1-ROW()+ROW($AG$4),1,1)) | AI11: =IF(AF11>MODEL_FIT!$H$1+1,"",OFFSET(MODEL_FIT!$A$5,0,MODEL_FIT!$H$1+1-ROW()+ROW($AG$4),1,1))
A12: 9 | D12: =IF(B12="","",B12-C12*$E$1) | E12: =IF(B12="","",B12+C12*$E$1) | F12: =IF(G12="","",1) | AF12: 9 | AG12: =IF(AF12>MODEL_FIT!$H$1+1,"",OFFSET(MODEL_FIT!$A$6,0,MODEL_FIT!$H$1+1-ROW()+ROW($AG$4),1,1)) | AH12: =IF(AF12>MODEL_FIT!$H$1+1,"",OFFSET(MODEL_FIT!$A$7,0,MODEL_FIT!$H$1+1-ROW()+ROW($AG$4),1,1)) | AI12: =IF(AF12>MODEL_FIT!$H$1+1,"",OFFSET(MODEL_FIT!$A$5,0,MODEL_FIT!$H$1+1-ROW()+ROW($AG$4),1,1))
A13: 10 | D13: =IF(B13="","",B13-C13*$E$1) | E13: =IF(B13="","",B13+C13*$E$1) | F13: =IF(G13="","",1) | AF13: 10 | AG13: =IF(AF13>MODEL_FIT!$H$1+1,"",OFFSET(MODEL_FIT!$A$6,0,MODEL_FIT!$H$1+1-ROW()+ROW($AG$4),1,1)) | AH13: =IF(AF13>MODEL_FIT!$H$1+1,"",OFFSET(MODEL_FIT!$A$7,0,MODEL_FIT!$H$1+1-ROW()+ROW($AG$4),1,1)) | AI13: =IF(AF13>MODEL_FIT!$H$1+1,"",OFFSET(MODEL_FIT!$A$5,0,MODEL_FIT!$H$1+1-ROW()+ROW($AG$4),1,1))
A14: 11 | D14: =IF(B14="","",B14-C14*$E$1) | E14: =IF(B14="","",B14+C14*$E$1) | F14: =IF(G14="","",1) | AF14: 11 | AG14: =IF(AF14>MODEL_FIT!$H$1+1,"",OFFSET(MODEL_FIT!$A$6,0,MODEL_FIT!$H$1+1-ROW()+ROW($AG$4),1,1)) | AH14: =IF(AF14>MODEL_FIT!$H$1+1,"",OFFSET(MODEL_FIT!$A$7,0,MODEL_FIT!$H$1+1-ROW()+ROW($AG$4),1,1)) | AI14: =IF(AF14>MODEL_FIT!$H$1+1,"",OFFSET(MODEL_FIT!$A$5,0,MODEL_FIT!$H$1+1-ROW()+ROW($AG$4),1,1))
A15: 12 | D15: =IF(B15="","",B15-C15*$E$1) | E15: =IF(B15="","",B15+C15*$E$1) | F15: =IF(G15="","",1) | AF15: 12 | AG15: =IF(AF15>MODEL_FIT!$H$1+1,"",OFFSET(MODEL_FIT!$A$6,0,MODEL_FIT!$H$1+1-ROW()+ROW($AG$4),1,1)) | AH15: =IF(AF15>MODEL_FIT!$H$1+1,"",OFFSET(MODEL_FIT!$A$7,0,MODEL_FIT!$H$1+1-ROW()+ROW($AG$4),1,1)) | AI15: =IF(AF15>MODEL_FIT!$H$1+1,"",OFFSET(MODEL_FIT!$A$5,0,MODEL_FIT!$H$1+1-ROW()+ROW($AG$4),1,1))
A16: 13 | D16: =IF(B16="","",B16-C16*$E$1) | E16: =IF(B16="","",B16+C16*$E$1) | F16: =IF(G16="","",1) | AF16: 13 | AG16: =IF(AF16>MODEL_FIT!$H$1+1,"",OFFSET(MODEL_FIT!$A$6,0,MODEL_FIT!$H$1+1-ROW()+ROW($AG$4),1,1)) | AH16: =IF(AF16>MODEL_FIT!$H$1+1,"",OFFSET(MODEL_FIT!$A$7,0,MODEL_FIT!$H$1+1-ROW()+ROW($AG$4),1,1)) | AI16: =IF(AF16>MODEL_FIT!$H$1+1,"",OFFSET(MODEL_FIT!$A$5,0,MODEL_FIT!$H$1+1-ROW()+ROW($AG$4),1,1))
A17: 14 | D17: =IF(B17="","",B17-C17*$E$1) | E17: =IF(B17="","",B17+C17*$E$1) | F17: =IF(G17="","",1) | AF17: 14 | AG17: =IF(AF17>MODEL_FIT!$H$1+1,"",OFFSET(MODEL_FIT!$A$6,0,MODEL_FIT!$H$1+1-ROW()+ROW($AG$4),1,1)) | AH17: =IF(AF17>MODEL_FIT!$H$1+1,"",OFFSET(MODEL_FIT!$A$7,0,MODEL_FIT!$H$1+1-ROW()+ROW($AG$4),1,1)) | AI17: =IF(AF17>MODEL_FIT!$H$1+1,"",OFFSET(MODEL_FIT!$A$5,0,MODEL_FIT!$H$1+1-ROW()+ROW($AG$4),1,1))
A18: 15 | D18: =IF(B18="","",B18-C18*$E$1) | E18: =IF(B18="","",B18+C18*$E$1) | F18: =IF(G18="","",1) | AF18: 15 | AG18: =IF(AF18>MODEL_FIT!$H$1+1,"",OFFSET(MODEL_FIT!$A$6,0,MODEL_FIT!$H$1+1-ROW()+ROW($AG$4),1,1)) | AH18: =IF(AF18>MODEL_FIT!$H$1+1,"",OFFSET(MODEL_FIT!$A$7,0,MODEL_FIT!$H$1+1-ROW()+ROW($AG$4),1,1)) | AI18: =IF(AF18>MODEL_FIT!$H$1+1,"",OFFSET(MODEL_FIT!$A$5,0,MODEL_FIT!$H$1+1-ROW()+ROW($AG$4),1,1))
A19: 16 | D19: =IF(B19="","",B19-C19*$E$1) | E19: =IF(B19="","",B19+C19*$E$1) | F19: =IF(G19="","",1) | AF19: 16 | AG19: =IF(AF19>MODEL_FIT!$H$1+1,"",OFFSET(MODEL_FIT!$A$6,0,MODEL_FIT!$H$1+1-ROW()+ROW($AG$4),1,1)) | AH19: =IF(AF19>MODEL_FIT!$H$1+1,"",OFFSET(MODEL_FIT!$A$7,0,MODEL_FIT!$H$1+1-ROW()+ROW($AG$4),1,1)) | AI19: =IF(AF19>MODEL_FIT!$H$1+1,"",OFFSET(MODEL_FIT!$A$5,0,MODEL_FIT!$H$1+1-ROW()+ROW($AG$4),1,1))
... A23: 20 | D23: =IF(B23="","",B23-C23*$E$1) | E23: =IF(B23="","",B23+C23*$E$1) | F23: =IF(G23="","",1) | AF23: 20 | AG23: =IF(AF23>MODEL_FIT!$H$1+1,"",OFFSET(MODEL_FIT!$A$6,0,MODEL_FIT!$H$1+1-ROW()+ROW($AG$4),1,1)) | AH23: =IF(AF23>MODEL_FIT!$H$1+1,"",OFFSET(MODEL_FIT!$A$7,0,MODEL_FIT!$H$1+1-ROW()+ROW($AG$4),1,1)) | AI23: =IF(AF23>MODEL_FIT!$H$1+1,"",OFFSET(MODEL_FIT!$A$5,0,MODEL_FIT!$H$1+1-ROW()+ROW($AG$4),1,1))
AF24: 21 | AG24: =IF(AF24>MODEL_FIT!$H$1+1,"",OFFSET(MODEL_FIT!$A$6,0,MODEL_FIT!$H$1+1-ROW()+ROW($AG$4),1,1)) | AH24: =IF(AF24>MODEL_FIT!$H$1+1,"",OFFSET(MODEL_FIT!$A$7,0,MODEL_FIT!$H$1+1-ROW()+ROW($AG$4),1,1)) | AI24: =IF(AF24>MODEL_FIT!$H$1+1,"",OFFSET(MODEL_FIT!$A$5,0,MODEL_FIT!$H$1+1-ROW()+ROW($AG$4),1,1))
A25: Enter the values for the components of the model in the yellow cells in order to evaluate the outcome (mean population value) at these conditions. Include the interactions if needed. Standard deviation for the predicted value, and confidence interval are also calculated (for the significance level set by the user, common value is 0,05). For additional details, check https://stats.libretexts.org/Bookshelves/Advanced_Statistics/Intermediate_Statistics_with_R_(Greenwood)/07%3A_Simple_linear_regression_inference/7.07%3A_Confidence_interval_for_the_mean_and_prediction_intervals_for_a_new_observation | AF25: 22 | AG25: =IF(AF25>MODEL_FIT!$H$1+1,"",OFFSET(MODEL_FIT!$A$6,0,MODEL_FIT!$H$1+1-ROW()+ROW($AG$4),1,1)) | AH25: =IF(AF25>MODEL_FIT!$H$1+1,"",OFFSET(MODEL_FIT!$A$7,0,MODEL_FIT!$H$1+1-ROW()+ROW($AG$4),1,1)) | AI25: =IF(AF25>MODEL_FIT!$H$1+1,"",OFFSET(MODEL_FIT!$A$5,0,MODEL_FIT!$H$1+1-ROW()+ROW($AG$4),1,1))
AF26: 23 | AG26: =IF(AF26>MODEL_FIT!$H$1+1,"",OFFSET(MODEL_FIT!$A$6,0,MODEL_FIT!$H$1+1-ROW()+ROW($AG$4),1,1)) | AH26: =IF(AF26>MODEL_FIT!$H$1+1,"",OFFSET(MODEL_FIT!$A$7,0,MODEL_FIT!$H$1+1-ROW()+ROW($AG$4),1,1)) | AI26: =IF(AF26>MODEL_FIT!$H$1+1,"",OFFSET(MODEL_FIT!$A$5,0,MODEL_FIT!$H$1+1-ROW()+ROW($AG$4),1,1))
AF27: 24 | AG27: =IF(AF27>MODEL_FIT!$H$1+1,"",OFFSET(MODEL_FIT!$A$6,0,MODEL_FIT!$H$1+1-ROW()+ROW($AG$4),1,1)) | AH27: =IF(AF27>MODEL_FIT!$H$1+1,"",OFFSET(MODEL_FIT!$A$7,0,MODEL_FIT!$H$1+1-ROW()+ROW($AG$4),1,1)) | AI27: =IF(AF27>MODEL_FIT!$H$1+1,"",OFFSET(MODEL_FIT!$A$5,0,MODEL_FIT!$H$1+1-ROW()+ROW($AG$4),1,1))
AF28: 25 | AG28: =IF(AF28>MODEL_FIT!$H$1+1,"",OFFSET(MODEL_FIT!$A$6,0,MODEL_FIT!$H$1+1-ROW()+ROW($AG$4),1,1)) | AH28: =IF(AF28>MODEL_FIT!$H$1+1,"",OFFSET(MODEL_FIT!$A$7,0,MODEL_FIT!$H$1+1-ROW()+ROW($AG$4),1,1)) | AI28: =IF(AF28>MODEL_FIT!$H$1+1,"",OFFSET(MODEL_FIT!$A$5,0,MODEL_FIT!$H$1+1-ROW()+ROW($AG$4),1,1))
AF29: 26 | AG29: =IF(AF29>MODEL_FIT!$H$1+1,"",OFFSET(MODEL_FIT!$A$6,0,MODEL_FIT!$H$1+1-ROW()+ROW($AG$4),1,1)) | AH29: =IF(AF29>MODEL_FIT!$H$1+1,"",OFFSET(MODEL_FIT!$A$7,0,MODEL_FIT!$H$1+1-ROW()+ROW($AG$4),1,1)) | AI29: =IF(AF29>MODEL_FIT!$H$1+1,"",OFFSET(MODEL_FIT!$A$5,0,MODEL_FIT!$H$1+1-ROW()+ROW($AG$4),1,1))
C31: Means x | F31: 1 | G31: =IF(G3="","",AVERAGE(MODEL_MATRIX!C2:C71)) -> 0 | H31: =IF(H3="","",AVERAGE(MODEL_MATRIX!D2:D71)) -> 0 | I31: =IF(I3="","",AVERAGE(MODEL_MATRIX!E2:E71)) -> 0 | J31: =IF(J3="","",AVERAGE(MODEL_MATRIX!F2:F71)) -> 0 | K31: =IF(K3="","",AVERAGE(MODEL_MATRIX!G2:G71)) -> 0 | L31: =IF(L3="","",AVERAGE(MODEL_MATRIX!H2:H71)) | M31: =IF(M3="","",AVERAGE(MODEL_MATRIX!I2:I71)) | N31: =IF(N3="","",AVERAGE(MODEL_MATRIX!J2:J71)) | ... AE31: =IF(AE3="","",AVERAGE(MODEL_MATRIX!AA2:AA71))
F32: =IF(F4="","",F$31) | G32: =IF(G4="","",G$31) | H32: =IF(H4="","",H$31) | I32: =IF(I4="","",I$31) | J32: =IF(J4="","",J$31) | K32: =IF(K4="","",K$31) | L32: =IF(L4="","",L$31) | M32: =IF(M4="","",M$31) | ... AE32: =IF(AE4="","",AE$31)
D33: {=MMULT((OFFSET(F4,0,0,COUNT(F4:F23),COUNT(F4:AE4))-OFFSET(F31,0,0,COUNT(F4:F23),COUNT(F4:AE4)))^2,OFFSET(AH4,0,0,COUNT(F4:AE4),1)^2)} -> #REF! | F33: =IF(F5="","",F$31) | G33: =IF(G5="","",G$31) | H33: =IF(H5="","",H$31) | I33: =IF(I5="","",I$31) | J33: =IF(J5="","",J$31) | K33: =IF(K5="","",K$31) | L33: =IF(L5="","",L$31) | M33: =IF(M5="","",M$31) | ... AE33: =IF(AE5="","",AE$31)
F34: =IF(F6="","",F$31) | G34: =IF(G6="","",G$31) | H34: =IF(H6="","",H$31) | I34: =IF(I6="","",I$31) | J34: =IF(J6="","",J$31) | K34: =IF(K6="","",K$31) | L34: =IF(L6="","",L$31) | M34: =IF(M6="","",M$31) | ... AE34: =IF(AE6="","",AE$31)
F35: =IF(F7="","",F$31) | G35: =IF(G7="","",G$31) | H35: =IF(H7="","",H$31) | I35: =IF(I7="","",I$31) | J35: =IF(J7="","",J$31) | K35: =IF(K7="","",K$31) | L35: =IF(L7="","",L$31) | M35: =IF(M7="","",M$31) | ... AE35: =IF(AE7="","",AE$31)
F36: =IF(F8="","",F$31) | G36: =IF(G8="","",G$31) | H36: =IF(H8="","",H$31) | I36: =IF(I8="","",I$31) | J36: =IF(J8="","",J$31) | K36: =IF(K8="","",K$31) | L36: =IF(L8="","",L$31) | M36: =IF(M8="","",M$31) | ... AE36: =IF(AE8="","",AE$31)
F37: =IF(F9="","",F$31) | G37: =IF(G9="","",G$31) | H37: =IF(H9="","",H$31) | I37: =IF(I9="","",I$31) | J37: =IF(J9="","",J$31) | K37: =IF(K9="","",K$31) | L37: =IF(L9="","",L$31) | M37: =IF(M9="","",M$31) | ... AE37: =IF(AE9="","",AE$31)
F38: =IF(F10="","",F$31) | G38: =IF(G10="","",G$31) | H38: =IF(H10="","",H$31) | I38: =IF(I10="","",I$31) | J38: =IF(J10="","",J$31) | K38: =IF(K10="","",K$31) | L38: =IF(L10="","",L$31) | M38: =IF(M10="","",M$31) | ... AE38: =IF(AE10="","",AE$31)
F39: =IF(F11="","",F$31) | G39: =IF(G11="","",G$31) | H39: =IF(H11="","",H$31) | I39: =IF(I11="","",I$31) | J39: =IF(J11="","",J$31) | K39: =IF(K11="","",K$31) | L39: =IF(L11="","",L$31) | M39: =IF(M11="","",M$31) | ... AE39: =IF(AE11="","",AE$31)
F40: =IF(F12="","",F$31) | G40: =IF(G12="","",G$31) | H40: =IF(H12="","",H$31) | I40: =IF(I12="","",I$31) | J40: =IF(J12="","",J$31) | K40: =IF(K12="","",K$31) | L40: =IF(L12="","",L$31) | M40: =IF(M12="","",M$31) | ... AE40: =IF(AE12="","",AE$31)
F41: =IF(F13="","",F$31) | G41: =IF(G13="","",G$31) | H41: =IF(H13="","",H$31) | I41: =IF(I13="","",I$31) | J41: =IF(J13="","",J$31) | K41: =IF(K13="","",K$31) | L41: =IF(L13="","",L$31) | M41: =IF(M13="","",M$31) | ... AE41: =IF(AE13="","",AE$31)
F42: =IF(F14="","",F$31) | G42: =IF(G14="","",G$31) | H42: =IF(H14="","",H$31) | I42: =IF(I14="","",I$31) | J42: =IF(J14="","",J$31) | K42: =IF(K14="","",K$31) | L42: =IF(L14="","",L$31) | M42: =IF(M14="","",M$31) | ... AE42: =IF(AE14="","",AE$31)
F43: =IF(F15="","",F$31) | G43: =IF(G15="","",G$31) | H43: =IF(H15="","",H$31) | I43: =IF(I15="","",I$31) | J43: =IF(J15="","",J$31) | K43: =IF(K15="","",K$31) | L43: =IF(L15="","",L$31) | M43: =IF(M15="","",M$31) | ... AE43: =IF(AE15="","",AE$31)
F44: =IF(F16="","",F$31) | G44: =IF(G16="","",G$31) | H44: =IF(H16="","",H$31) | I44: =IF(I16="","",I$31) | J44: =IF(J16="","",J$31) | K44: =IF(K16="","",K$31) | L44: =IF(L16="","",L$31) | M44: =IF(M16="","",M$31) | ... AE44: =IF(AE16="","",AE$31)
F45: =IF(F17="","",F$31) | G45: =IF(G17="","",G$31) | H45: =IF(H17="","",H$31) | I45: =IF(I17="","",I$31) | J45: =IF(J17="","",J$31) | K45: =IF(K17="","",K$31) | L45: =IF(L17="","",L$31) | M45: =IF(M17="","",M$31) | ... AE45: =IF(AE17="","",AE$31)
... F51: =IF(F23="","",F$31) | G51: =IF(G23="","",G$31) | H51: =IF(H23="","",H$31) | I51: =IF(I23="","",I$31) | J51: =IF(J23="","",J$31) | K51: =IF(K23="","",K$31) | L51: =IF(L23="","",L$31) | M51: =IF(M23="","",M$31) | ... AE51: =IF(AE23="","",AE$31)

Sheet CENTER_POINTS
C1: alpha | D1: 0.05 | E1: k | F1: =_xlfn.T.INV(1-D1/2,AR7) -> 2.0555294
B3: Y | C3: Ypred | D3: S_Ypred | E3: CI_lwr | F3: CI_upr | G3: PI_lwr | H3: PI_upr | I3: I | J3: =MODEL_MATRIX!C1 -> A | K3: =MODEL_MATRIX!D1 -> C | L3: =MODEL_MATRIX!E1 -> E | M3: =MODEL_MATRIX!F1 -> AC | N3: =MODEL_MATRIX!G1 -> AE | O3: =MODEL_MATRIX!H1 | P3: =MODEL_MATRIX!I1 | Q3: =MODEL_MATRIX!J1 | ... AH3: =MODEL_MATRIX!AA1 | AJ3: i | AK3: Y | AN3: b | AO3: S_b | AQ3: S_res
A4: 1 | C4: {=IF(J4="","",MMULT(OFFSET(I4,0,0,COUNT(I4:I23),COUNT(I4:AH4)),OFFSET(AN4,0,0,COUNT(I4:AH4),1)))} | D4: {=IF(J4="","",(MMULT((OFFSET(I4,0,0,COUNT(I4:I23),COUNT(I4:AH4))-OFFSET(G35,0,0,COUNT(I4:I23),COUNT(I4:AH4)))^2,OFFSET(AO4,0,0,COUNT(I4:AH4),1)^2)+$AQ$4^2/$AQ$7)^0.5)} | E4: =IF(C4="","",C4-D4*$F$1) | F4: =IF(C4="","",C4+D4*$F$1) | G4: =IF(C4="","",C4-(D4^2+$AQ$4^2)^0.5*$F$1) | H4: =IF(C4="","",C4+(D4^2+$AQ$4^2)^0.5*$F$1) | I4: =IF(J4="","",1) | AJ4: =IF($B4="",NA(),A4) -> #N/A | AK4: =IF($B4="",NA(),B4) -> #N/A | AM4: 1 | AN4: =IF(AM4>MODEL_FIT!$H$1+1,"",OFFSET(MODEL_FIT!$A$6,0,MODEL_FIT!$H$1+1-ROW()+ROW($AN$4),1,1)) -> 5.988929 | AO4: =IF(AM4>MODEL_FIT!$H$1+1,"",OFFSET(MODEL_FIT!$A$7,0,MODEL_FIT!$H$1+1-ROW()+ROW($AN$4),1,1)) -> 0.13615377 | AP4: =IF(AM4>MODEL_FIT!$H$1+1,"",OFFSET(MODEL_FIT!$A$5,0,MODEL_FIT!$H$1+1-ROW()+ROW($AN$4),1,1)) -> Intercept | AQ4: =MODEL_FIT!C8 -> 0.77020203 | AR4: =SQRT(AQ4^2/AQ7) -> 0.13615377
A5: 2 | E5: =IF(C5="","",C5-D5*$F$1) | F5: =IF(C5="","",C5+D5*$F$1) | G5: =IF(C5="","",C5-(D5^2+$AQ$4^2)^0.5*$F$1) | H5: =IF(C5="","",C5+(D5^2+$AQ$4^2)^0.5*$F$1) | I5: =IF(OR(I$3="",$B5=""),"",I4) | J5: =IF(OR(J$3="",$B5=""),"",J4) | K5: =IF(OR(K$3="",$B5=""),"",K4) | L5: =IF(OR(L$3="",$B5=""),"",L4) | M5: =IF(OR(M$3="",$B5=""),"",M4) | N5: =IF(OR(N$3="",$B5=""),"",N4) | O5: =IF(OR(O$3="",$B5=""),"",O4) | P5: =IF(OR(P$3="",$B5=""),"",P4) | ... AH5: =IF(OR(AH$3="",$B5=""),"",AH4) | AJ5: =IF($B5="",NA(),A5) -> #N/A | AK5: =IF($B5="",NA(),B5) -> #N/A | AM5: 2 | AN5: =IF(AM5>MODEL_FIT!$H$1+1,"",OFFSET(MODEL_FIT!$A$6,0,MODEL_FIT!$H$1+1-ROW()+ROW($AN$4),1,1)) -> -0.47624316 | AO5: =IF(AM5>MODEL_FIT!$H$1+1,"",OFFSET(MODEL_FIT!$A$7,0,MODEL_FIT!$H$1+1-ROW()+ROW($AN$4),1,1)) -> 0.13615377 | AP5: =IF(AM5>MODEL_FIT!$H$1+1,"",OFFSET(MODEL_FIT!$A$5,0,MODEL_FIT!$H$1+1-ROW()+ROW($AN$4),1,1)) -> A
A6: 3 | E6: =IF(C6="","",C6-D6*$F$1) | F6: =IF(C6="","",C6+D6*$F$1) | G6: =IF(C6="","",C6-(D6^2+$AQ$4^2)^0.5*$F$1) | H6: =IF(C6="","",C6+(D6^2+$AQ$4^2)^0.5*$F$1) | I6: =IF(OR(I$3="",$B6=""),"",I5) | J6: =IF(OR(J$3="",$B6=""),"",J5) | K6: =IF(OR(K$3="",$B6=""),"",K5) | L6: =IF(OR(L$3="",$B6=""),"",L5) | M6: =IF(OR(M$3="",$B6=""),"",M5) | N6: =IF(OR(N$3="",$B6=""),"",N5) | O6: =IF(OR(O$3="",$B6=""),"",O5) | P6: =IF(OR(P$3="",$B6=""),"",P5) | ... AH6: =IF(OR(AH$3="",$B6=""),"",AH5) | AJ6: =IF($B6="",NA(),A6) -> #N/A | AK6: =IF($B6="",NA(),B6) -> #N/A | AM6: 3 | AN6: =IF(AM6>MODEL_FIT!$H$1+1,"",OFFSET(MODEL_FIT!$A$6,0,MODEL_FIT!$H$1+1-ROW()+ROW($AN$4),1,1)) -> 1.0836925 | AO6: =IF(AM6>MODEL_FIT!$H$1+1,"",OFFSET(MODEL_FIT!$A$7,0,MODEL_FIT!$H$1+1-ROW()+ROW($AN$4),1,1)) -> 0.13615377 | AP6: =IF(AM6>MODEL_FIT!$H$1+1,"",OFFSET(MODEL_FIT!$A$5,0,MODEL_FIT!$H$1+1-ROW()+ROW($AN$4),1,1)) -> C | AQ6: n | AR6: gl
A7: 4 | E7: =IF(C7="","",C7-D7*$F$1) | F7: =IF(C7="","",C7+D7*$F$1) | G7: =IF(C7="","",C7-(D7^2+$AQ$4^2)^0.5*$F$1) | H7: =IF(C7="","",C7+(D7^2+$AQ$4^2)^0.5*$F$1) | I7: =IF(OR(I$3="",$B7=""),"",I6) | J7: =IF(OR(J$3="",$B7=""),"",J6) | K7: =IF(OR(K$3="",$B7=""),"",K6) | L7: =IF(OR(L$3="",$B7=""),"",L6) | M7: =IF(OR(M$3="",$B7=""),"",M6) | N7: =IF(OR(N$3="",$B7=""),"",N6) | O7: =IF(OR(O$3="",$B7=""),"",O6) | P7: =IF(OR(P$3="",$B7=""),"",P6) | ... AH7: =IF(OR(AH$3="",$B7=""),"",AH6) | AJ7: =IF($B7="",NA(),A7) -> #N/A | AK7: =IF($B7="",NA(),B7) -> #N/A | AM7: 4 | AN7: =IF(AM7>MODEL_FIT!$H$1+1,"",OFFSET(MODEL_FIT!$A$6,0,MODEL_FIT!$H$1+1-ROW()+ROW($AN$4),1,1)) -> 0.46799015 | AO7: =IF(AM7>MODEL_FIT!$H$1+1,"",OFFSET(MODEL_FIT!$A$7,0,MODEL_FIT!$H$1+1-ROW()+ROW($AN$4),1,1)) -> 0.13615377 | AP7: =IF(AM7>MODEL_FIT!$H$1+1,"",OFFSET(MODEL_FIT!$A$5,0,MODEL_FIT!$H$1+1-ROW()+ROW($AN$4),1,1)) -> E | AQ7: =DESIGN_FEATURES!E1 -> 32 | AR7: =MODEL_FIT!C9 -> 26
A8: 5 | E8: =IF(C8="","",C8-D8*$F$1) | F8: =IF(C8="","",C8+D8*$F$1) | I8: =IF(OR(I$3="",$B8=""),"",I7) | J8: =IF(OR(J$3="",$B8=""),"",J7) | K8: =IF(OR(K$3="",$B8=""),"",K7) | L8: =IF(OR(L$3="",$B8=""),"",L7) | M8: =IF(OR(M$3="",$B8=""),"",M7) | N8: =IF(OR(N$3="",$B8=""),"",N7) | O8: =IF(OR(O$3="",$B8=""),"",O7) | P8: =IF(OR(P$3="",$B8=""),"",P7) | ... AH8: =IF(OR(AH$3="",$B8=""),"",AH7) | AJ8: =IF($B8="",NA(),A8) -> #N/A | AK8: =IF($B8="",NA(),B8) -> #N/A | AM8: 5 | AN8: =IF(AM8>MODEL_FIT!$H$1+1,"",OFFSET(MODEL_FIT!$A$6,0,MODEL_FIT!$H$1+1-ROW()+ROW($AN$4),1,1)) -> -0.35986405 | AO8: =IF(AM8>MODEL_FIT!$H$1+1,"",OFFSET(MODEL_FIT!$A$7,0,MODEL_FIT!$H$1+1-ROW()+ROW($AN$4),1,1)) -> 0.13615377 | AP8: =IF(AM8>MODEL_FIT!$H$1+1,"",OFFSET(MODEL_FIT!$A$5,0,MODEL_FIT!$H$1+1-ROW()+ROW($AN$4),1,1)) -> AC
A9: 6 | E9: =IF(C9="","",C9-D9*$F$1) | F9: =IF(C9="","",C9+D9*$F$1) | I9: =IF(OR(I$3="",$B9=""),"",I8) | J9: =IF(OR(J$3="",$B9=""),"",J8) | K9: =IF(OR(K$3="",$B9=""),"",K8) | L9: =IF(OR(L$3="",$B9=""),"",L8) | M9: =IF(OR(M$3="",$B9=""),"",M8) | N9: =IF(OR(N$3="",$B9=""),"",N8) | O9: =IF(OR(O$3="",$B9=""),"",O8) | P9: =IF(OR(P$3="",$B9=""),"",P8) | ... AH9: =IF(OR(AH$3="",$B9=""),"",AH8) | AJ9: =IF($B9="",NA(),A9) -> #N/A | AK9: =IF($B9="",NA(),B9) -> #N/A | AM9: 6 | AN9: =IF(AM9>MODEL_FIT!$H$1+1,"",OFFSET(MODEL_FIT!$A$6,0,MODEL_FIT!$H$1+1-ROW()+ROW($AN$4),1,1)) -> 0.41883355 | AO9: =IF(AM9>MODEL_FIT!$H$1+1,"",OFFSET(MODEL_FIT!$A$7,0,MODEL_FIT!$H$1+1-ROW()+ROW($AN$4),1,1)) -> 0.13615377 | AP9: =IF(AM9>MODEL_FIT!$H$1+1,"",OFFSET(MODEL_FIT!$A$5,0,MODEL_FIT!$H$1+1-ROW()+ROW($AN$4),1,1)) -> AE
A10: 7 | E10: =IF(C10="","",C10-D10*$F$1) | F10: =IF(C10="","",C10+D10*$F$1) | I10: =IF(OR(I$3="",$B10=""),"",I9) | J10: =IF(OR(J$3="",$B10=""),"",J9) | K10: =IF(OR(K$3="",$B10=""),"",K9) | L10: =IF(OR(L$3="",$B10=""),"",L9) | M10: =IF(OR(M$3="",$B10=""),"",M9) | N10: =IF(OR(N$3="",$B10=""),"",N9) | O10: =IF(OR(O$3="",$B10=""),"",O9) | P10: =IF(OR(P$3="",$B10=""),"",P9) | ... AH10: =IF(OR(AH$3="",$B10=""),"",AH9) | AJ10: =IF($B10="",NA(),A10) -> #N/A | AK10: =IF($B10="",NA(),B10) -> #N/A | AM10: 7 | AN10: =IF(AM10>MODEL_FIT!$H$1+1,"",OFFSET(MODEL_FIT!$A$6,0,MODEL_FIT!$H$1+1-ROW()+ROW($AN$4),1,1)) | AO10: =IF(AM10>MODEL_FIT!$H$1+1,"",OFFSET(MODEL_FIT!$A$7,0,MODEL_FIT!$H$1+1-ROW()+ROW($AN$4),1,1)) | AP10: =IF(AM10>MODEL_FIT!$H$1+1,"",OFFSET(MODEL_FIT!$A$5,0,MODEL_FIT!$H$1+1-ROW()+ROW($AN$4),1,1))
A11: 8 | E11: =IF(C11="","",C11-D11*$F$1) | F11: =IF(C11="","",C11+D11*$F$1) | I11: =IF(OR(I$3="",$B11=""),"",I10) | J11: =IF(OR(J$3="",$B11=""),"",J10) | K11: =IF(OR(K$3="",$B11=""),"",K10) | L11: =IF(OR(L$3="",$B11=""),"",L10) | M11: =IF(OR(M$3="",$B11=""),"",M10) | N11: =IF(OR(N$3="",$B11=""),"",N10) | O11: =IF(OR(O$3="",$B11=""),"",O10) | P11: =IF(OR(P$3="",$B11=""),"",P10) | ... AH11: =IF(OR(AH$3="",$B11=""),"",AH10) | AJ11: =IF($B11="",NA(),A11) -> #N/A | AK11: =IF($B11="",NA(),B11) -> #N/A | AM11: 8 | AN11: =IF(AM11>MODEL_FIT!$H$1+1,"",OFFSET(MODEL_FIT!$A$6,0,MODEL_FIT!$H$1+1-ROW()+ROW($AN$4),1,1)) | AO11: =IF(AM11>MODEL_FIT!$H$1+1,"",OFFSET(MODEL_FIT!$A$7,0,MODEL_FIT!$H$1+1-ROW()+ROW($AN$4),1,1)) | AP11: =IF(AM11>MODEL_FIT!$H$1+1,"",OFFSET(MODEL_FIT!$A$5,0,MODEL_FIT!$H$1+1-ROW()+ROW($AN$4),1,1))
A12: 9 | E12: =IF(C12="","",C12-D12*$F$1) | F12: =IF(C12="","",C12+D12*$F$1) | I12: =IF(OR(I$3="",$B12=""),"",I11) | J12: =IF(OR(J$3="",$B12=""),"",J11) | K12: =IF(OR(K$3="",$B12=""),"",K11) | L12: =IF(OR(L$3="",$B12=""),"",L11) | M12: =IF(OR(M$3="",$B12=""),"",M11) | N12: =IF(OR(N$3="",$B12=""),"",N11) | O12: =IF(OR(O$3="",$B12=""),"",O11) | P12: =IF(OR(P$3="",$B12=""),"",P11) | ... AH12: =IF(OR(AH$3="",$B12=""),"",AH11) | AJ12: =IF($B12="",NA(),A12) -> #N/A | AK12: =IF($B12="",NA(),B12) -> #N/A | AM12: 9 | AN12: =IF(AM12>MODEL_FIT!$H$1+1,"",OFFSET(MODEL_FIT!$A$6,0,MODEL_FIT!$H$1+1-ROW()+ROW($AN$4),1,1)) | AO12: =IF(AM12>MODEL_FIT!$H$1+1,"",OFFSET(MODEL_FIT!$A$7,0,MODEL_FIT!$H$1+1-ROW()+ROW($AN$4),1,1)) | AP12: =IF(AM12>MODEL_FIT!$H$1+1,"",OFFSET(MODEL_FIT!$A$5,0,MODEL_FIT!$H$1+1-ROW()+ROW($AN$4),1,1))
A13: 10 | E13: =IF(C13="","",C13-D13*$F$1) | F13: =IF(C13="","",C13+D13*$F$1) | I13: =IF(OR(I$3="",$B13=""),"",I12) | J13: =IF(OR(J$3="",$B13=""),"",J12) | K13: =IF(OR(K$3="",$B13=""),"",K12) | L13: =IF(OR(L$3="",$B13=""),"",L12) | M13: =IF(OR(M$3="",$B13=""),"",M12) | N13: =IF(OR(N$3="",$B13=""),"",N12) | O13: =IF(OR(O$3="",$B13=""),"",O12) | P13: =IF(OR(P$3="",$B13=""),"",P12) | ... AH13: =IF(OR(AH$3="",$B13=""),"",AH12) | AJ13: =IF($B13="",NA(),A13) -> #N/A | AK13: =IF($B13="",NA(),B13) -> #N/A | AM13: 10 | AN13: =IF(AM13>MODEL_FIT!$H$1+1,"",OFFSET(MODEL_FIT!$A$6,0,MODEL_FIT!$H$1+1-ROW()+ROW($AN$4),1,1)) | AO13: =IF(AM13>MODEL_FIT!$H$1+1,"",OFFSET(MODEL_FIT!$A$7,0,MODEL_FIT!$H$1+1-ROW()+ROW($AN$4),1,1)) | AP13: =IF(AM13>MODEL_FIT!$H$1+1,"",OFFSET(MODEL_FIT!$A$5,0,MODEL_FIT!$H$1+1-ROW()+ROW($AN$4),1,1))
A14: 11 | E14: =IF(C14="","",C14-D14*$F$1) | F14: =IF(C14="","",C14+D14*$F$1) | I14: =IF(OR(I$3="",$B14=""),"",I13) | J14: =IF(OR(J$3="",$B14=""),"",J13) | K14: =IF(OR(K$3="",$B14=""),"",K13) | L14: =IF(OR(L$3="",$B14=""),"",L13) | M14: =IF(OR(M$3="",$B14=""),"",M13) | N14: =IF(OR(N$3="",$B14=""),"",N13) | O14: =IF(OR(O$3="",$B14=""),"",O13) | P14: =IF(OR(P$3="",$B14=""),"",P13) | ... AH14: =IF(OR(AH$3="",$B14=""),"",AH13) | AJ14: =IF($B14="",NA(),A14) -> #N/A | AK14: =IF($B14="",NA(),B14) -> #N/A | AM14: 11 | AN14: =IF(AM14>MODEL_FIT!$H$1+1,"",OFFSET(MODEL_FIT!$A$6,0,MODEL_FIT!$H$1+1-ROW()+ROW($AN$4),1,1)) | AO14: =IF(AM14>MODEL_FIT!$H$1+1,"",OFFSET(MODEL_FIT!$A$7,0,MODEL_FIT!$H$1+1-ROW()+ROW($AN$4),1,1)) | AP14: =IF(AM14>MODEL_FIT!$H$1+1,"",OFFSET(MODEL_FIT!$A$5,0,MODEL_FIT!$H$1+1-ROW()+ROW($AN$4),1,1))
A15: 12 | E15: =IF(C15="","",C15-D15*$F$1) | F15: =IF(C15="","",C15+D15*$F$1) | I15: =IF(OR(I$3="",$B15=""),"",I14) | J15: =IF(OR(J$3="",$B15=""),"",J14) | K15: =IF(OR(K$3="",$B15=""),"",K14) | L15: =IF(OR(L$3="",$B15=""),"",L14) | M15: =IF(OR(M$3="",$B15=""),"",M14) | N15: =IF(OR(N$3="",$B15=""),"",N14) | O15: =IF(OR(O$3="",$B15=""),"",O14) | P15: =IF(OR(P$3="",$B15=""),"",P14) | ... AH15: =IF(OR(AH$3="",$B15=""),"",AH14) | AJ15: =IF($B15="",NA(),A15) -> #N/A | AK15: =IF($B15="",NA(),B15) -> #N/A | AM15: 12 | AN15: =IF(AM15>MODEL_FIT!$H$1+1,"",OFFSET(MODEL_FIT!$A$6,0,MODEL_FIT!$H$1+1-ROW()+ROW($AN$4),1,1)) | AO15: =IF(AM15>MODEL_FIT!$H$1+1,"",OFFSET(MODEL_FIT!$A$7,0,MODEL_FIT!$H$1+1-ROW()+ROW($AN$4),1,1)) | AP15: =IF(AM15>MODEL_FIT!$H$1+1,"",OFFSET(MODEL_FIT!$A$5,0,MODEL_FIT!$H$1+1-ROW()+ROW($AN$4),1,1))
A16: 13 | E16: =IF(C16="","",C16-D16*$F$1) | F16: =IF(C16="","",C16+D16*$F$1) | I16: =IF(OR(I$3="",$B16=""),"",I15) | J16: =IF(OR(J$3="",$B16=""),"",J15) | K16: =IF(OR(K$3="",$B16=""),"",K15) | L16: =IF(OR(L$3="",$B16=""),"",L15) | M16: =IF(OR(M$3="",$B16=""),"",M15) | N16: =IF(OR(N$3="",$B16=""),"",N15) | O16: =IF(OR(O$3="",$B16=""),"",O15) | P16: =IF(OR(P$3="",$B16=""),"",P15) | ... AH16: =IF(OR(AH$3="",$B16=""),"",AH15) | AJ16: =IF($B16="",NA(),A16) -> #N/A | AK16: =IF($B16="",NA(),B16) -> #N/A | AM16: 13 | AN16: =IF(AM16>MODEL_FIT!$H$1+1,"",OFFSET(MODEL_FIT!$A$6,0,MODEL_FIT!$H$1+1-ROW()+ROW($AN$4),1,1)) | AO16: =IF(AM16>MODEL_FIT!$H$1+1,"",OFFSET(MODEL_FIT!$A$7,0,MODEL_FIT!$H$1+1-ROW()+ROW($AN$4),1,1)) | AP16: =IF(AM16>MODEL_FIT!$H$1+1,"",OFFSET(MODEL_FIT!$A$5,0,MODEL_FIT!$H$1+1-ROW()+ROW($AN$4),1,1))
A17: 14 | E17: =IF(C17="","",C17-D17*$F$1) | F17: =IF(C17="","",C17+D17*$F$1) | I17: =IF(OR(I$3="",$B17=""),"",I16) | J17: =IF(OR(J$3="",$B17=""),"",J16) | K17: =IF(OR(K$3="",$B17=""),"",K16) | L17: =IF(OR(L$3="",$B17=""),"",L16) | M17: =IF(OR(M$3="",$B17=""),"",M16) | N17: =IF(OR(N$3="",$B17=""),"",N16) | O17: =IF(OR(O$3="",$B17=""),"",O16) | P17: =IF(OR(P$3="",$B17=""),"",P16) | ... AH17: =IF(OR(AH$3="",$B17=""),"",AH16) | AJ17: =IF($B17="",NA(),A17) -> #N/A | AK17: =IF($B17="",NA(),B17) -> #N/A | AM17: 14 | AN17: =IF(AM17>MODEL_FIT!$H$1+1,"",OFFSET(MODEL_FIT!$A$6,0,MODEL_FIT!$H$1+1-ROW()+ROW($AN$4),1,1)) | AO17: =IF(AM17>MODEL_FIT!$H$1+1,"",OFFSET(MODEL_FIT!$A$7,0,MODEL_FIT!$H$1+1-ROW()+ROW($AN$4),1,1)) | AP17: =IF(AM17>MODEL_FIT!$H$1+1,"",OFFSET(MODEL_FIT!$A$5,0,MODEL_FIT!$H$1+1-ROW()+ROW($AN$4),1,1))
A18: 15 | E18: =IF(C18="","",C18-D18*$F$1) | F18: =IF(C18="","",C18+D18*$F$1) | I18: =IF(OR(I$3="",$B18=""),"",I17) | J18: =IF(OR(J$3="",$B18=""),"",J17) | K18: =IF(OR(K$3="",$B18=""),"",K17) | L18: =IF(OR(L$3="",$B18=""),"",L17) | M18: =IF(OR(M$3="",$B18=""),"",M17) | N18: =IF(OR(N$3="",$B18=""),"",N17) | O18: =IF(OR(O$3="",$B18=""),"",O17) | P18: =IF(OR(P$3="",$B18=""),"",P17) | ... AH18: =IF(OR(AH$3="",$B18=""),"",AH17) | AJ18: =IF($B18="",NA(),A18) -> #N/A | AK18: =IF($B18="",NA(),B18) -> #N/A | AM18: 15 | AN18: =IF(AM18>MODEL_FIT!$H$1+1,"",OFFSET(MODEL_FIT!$A$6,0,MODEL_FIT!$H$1+1-ROW()+ROW($AN$4),1,1)) | AO18: =IF(AM18>MODEL_FIT!$H$1+1,"",OFFSET(MODEL_FIT!$A$7,0,MODEL_FIT!$H$1+1-ROW()+ROW($AN$4),1,1)) | AP18: =IF(AM18>MODEL_FIT!$H$1+1,"",OFFSET(MODEL_FIT!$A$5,0,MODEL_FIT!$H$1+1-ROW()+ROW($AN$4),1,1))
A19: 16 | E19: =IF(C19="","",C19-D19*$F$1) | F19: =IF(C19="","",C19+D19*$F$1) | I19: =IF(OR(I$3="",$B19=""),"",I18) | J19: =IF(OR(J$3="",$B19=""),"",J18) | K19: =IF(OR(K$3="",$B19=""),"",K18) | L19: =IF(OR(L$3="",$B19=""),"",L18) | M19: =IF(OR(M$3="",$B19=""),"",M18) | N19: =IF(OR(N$3="",$B19=""),"",N18) | O19: =IF(OR(O$3="",$B19=""),"",O18) | P19: =IF(OR(P$3="",$B19=""),"",P18) | ... AH19: =IF(OR(AH$3="",$B19=""),"",AH18) | AJ19: =IF($B19="",NA(),A19) -> #N/A | AK19: =IF($B19="",NA(),B19) -> #N/A | AM19: 16 | AN19: =IF(AM19>MODEL_FIT!$H$1+1,"",OFFSET(MODEL_FIT!$A$6,0,MODEL_FIT!$H$1+1-ROW()+ROW($AN$4),1,1)) | AO19: =IF(AM19>MODEL_FIT!$H$1+1,"",OFFSET(MODEL_FIT!$A$7,0,MODEL_FIT!$H$1+1-ROW()+ROW($AN$4),1,1)) | AP19: =IF(AM19>MODEL_FIT!$H$1+1,"",OFFSET(MODEL_FIT!$A$5,0,MODEL_FIT!$H$1+1-ROW()+ROW($AN$4),1,1))
... A23: 20 | E23: =IF(C23="","",C23-D23*$F$1) | F23: =IF(C23="","",C23+D23*$F$1) | I23: =IF(OR(I$3="",$B23=""),"",I22) | J23: =IF(OR(J$3="",$B23=""),"",J22) | K23: =IF(OR(K$3="",$B23=""),"",K22) | L23: =IF(OR(L$3="",$B23=""),"",L22) | M23: =IF(OR(M$3="",$B23=""),"",M22) | N23: =IF(OR(N$3="",$B23=""),"",N22) | O23: =IF(OR(O$3="",$B23=""),"",O22) | P23: =IF(OR(P$3="",$B23=""),"",P22) | ... AH23: =IF(OR(AH$3="",$B23=""),"",AH22) | AJ23: =IF($B23="",NA(),A23) -> #N/A | AK23: =IF($B23="",NA(),B23) -> #N/A | AM23: 20 | AN23: =IF(AM23>MODEL_FIT!$H$1+1,"",OFFSET(MODEL_FIT!$A$6,0,MODEL_FIT!$H$1+1-ROW()+ROW($AN$4),1,1)) | AO23: =IF(AM23>MODEL_FIT!$H$1+1,"",OFFSET(MODEL_FIT!$A$7,0,MODEL_FIT!$H$1+1-ROW()+ROW($AN$4),1,1)) | AP23: =IF(AM23>MODEL_FIT!$H$1+1,"",OFFSET(MODEL_FIT!$A$5,0,MODEL_FIT!$H$1+1-ROW()+ROW($AN$4),1,1))
AM24: 21 | AN24: =IF(AM24>MODEL_FIT!$H$1+1,"",OFFSET(MODEL_FIT!$A$6,0,MODEL_FIT!$H$1+1-ROW()+ROW($AN$4),1,1)) | AO24: =IF(AM24>MODEL_FIT!$H$1+1,"",OFFSET(MODEL_FIT!$A$7,0,MODEL_FIT!$H$1+1-ROW()+ROW($AN$4),1,1)) | AP24: =IF(AM24>MODEL_FIT!$H$1+1,"",OFFSET(MODEL_FIT!$A$5,0,MODEL_FIT!$H$1+1-ROW()+ROW($AN$4),1,1))
B25: Av(Y) | C25: SE_Av | E25: Ypred | F25: SDYpred | G25: CI Ypred | K25: Slope | L25: S_slope | M25: CI_lwr | N25: CI_upr | AM25: 22 | AN25: =IF(AM25>MODEL_FIT!$H$1+1,"",OFFSET(MODEL_FIT!$A$6,0,MODEL_FIT!$H$1+1-ROW()+ROW($AN$4),1,1)) | AO25: =IF(AM25>MODEL_FIT!$H$1+1,"",OFFSET(MODEL_FIT!$A$7,0,MODEL_FIT!$H$1+1-ROW()+ROW($AN$4),1,1)) | AP25: =IF(AM25>MODEL_FIT!$H$1+1,"",OFFSET(MODEL_FIT!$A$5,0,MODEL_FIT!$H$1+1-ROW()+ROW($AN$4),1,1))
B26: =AVERAGE(B4:B23) -> #DIV/0! | C26: =STDEV(B4:B23)/SQRT(COUNT(B4:B23)) -> #DIV/0! | E26: =C4 | F26: =D4 | G26: =E4 | H26: =F4 | K26: =G58 -> #REF! | L26: =G59 -> 0 | M26: =IF(K26="","",K26-L26*$F$1) -> #REF! | N26: =IF(K26="","",K26+L26*$F$1) -> #REF! | AM26: 23 | AN26: =IF(AM26>MODEL_FIT!$H$1+1,"",OFFSET(MODEL_FIT!$A$6,0,MODEL_FIT!$H$1+1-ROW()+ROW($AN$4),1,1)) | AO26: =IF(AM26>MODEL_FIT!$H$1+1,"",OFFSET(MODEL_FIT!$A$7,0,MODEL_FIT!$H$1+1-ROW()+ROW($AN$4),1,1)) | AP26: =IF(AM26>MODEL_FIT!$H$1+1,"",OFFSET(MODEL_FIT!$A$5,0,MODEL_FIT!$H$1+1-ROW()+ROW($AN$4),1,1))
AM27: 24 | AN27: =IF(AM27>MODEL_FIT!$H$1+1,"",OFFSET(MODEL_FIT!$A$6,0,MODEL_FIT!$H$1+1-ROW()+ROW($AN$4),1,1)) | AO27: =IF(AM27>MODEL_FIT!$H$1+1,"",OFFSET(MODEL_FIT!$A$7,0,MODEL_FIT!$H$1+1-ROW()+ROW($AN$4),1,1)) | AP27: =IF(AM27>MODEL_FIT!$H$1+1,"",OFFSET(MODEL_FIT!$A$5,0,MODEL_FIT!$H$1+1-ROW()+ROW($AN$4),1,1))
A28: Enter the center or pseudo-center points in the yellow cells (outcome and model components). Include the interactions if needed. (1) Average of experimental outcomes shall be within the CI obtained for the model. (2) Outcomes should not follow any trend. (3) If so, standard deviation of the outcomes provide an estimate for the error of the data. | AM28: 25 | AN28: =IF(AM28>MODEL_FIT!$H$1+1,"",OFFSET(MODEL_FIT!$A$6,0,MODEL_FIT!$H$1+1-ROW()+ROW($AN$4),1,1)) | AO28: =IF(AM28>MODEL_FIT!$H$1+1,"",OFFSET(MODEL_FIT!$A$7,0,MODEL_FIT!$H$1+1-ROW()+ROW($AN$4),1,1)) | AP28: =IF(AM28>MODEL_FIT!$H$1+1,"",OFFSET(MODEL_FIT!$A$5,0,MODEL_FIT!$H$1+1-ROW()+ROW($AN$4),1,1))
AM29: 26 | AN29: =IF(AM29>MODEL_FIT!$H$1+1,"",OFFSET(MODEL_FIT!$A$6,0,MODEL_FIT!$H$1+1-ROW()+ROW($AN$4),1,1)) | AO29: =IF(AM29>MODEL_FIT!$H$1+1,"",OFFSET(MODEL_FIT!$A$7,0,MODEL_FIT!$H$1+1-ROW()+ROW($AN$4),1,1)) | AP29: =IF(AM29>MODEL_FIT!$H$1+1,"",OFFSET(MODEL_FIT!$A$5,0,MODEL_FIT!$H$1+1-ROW()+ROW($AN$4),1,1))
D35: Means x | G35: 1 | H35: =IF(J3="","",AVERAGE(EXP_MATRIX!C2:C71)) -> 0 | I35: =IF(K3="","",AVERAGE(EXP_MATRIX!D2:D71)) -> 0 | J35: =IF(L3="","",AVERAGE(EXP_MATRIX!E2:E71)) -> 0 | K35: =IF(M3="","",AVERAGE(EXP_MATRIX!F2:F71)) -> 0 | L35: =IF(N3="","",AVERAGE(EXP_MATRIX!G2:G71)) -> 0 | M35: =IF(O3="","",AVERAGE(EXP_MATRIX!H2:H71)) | N35: =IF(P3="","",AVERAGE(EXP_MATRIX!I2:I71)) | O35: =IF(Q3="","",AVERAGE(EXP_MATRIX!J2:J71)) | ... AF35: =IF(AH3="","",AVERAGE(EXP_MATRIX!AA2:AA71))
G36: =IF(I4="","",G$35) | H36: =IF(J4="","",H$35) | I36: =IF(K4="","",I$35) | J36: =IF(L4="","",J$35) | K36: =IF(M4="","",K$35) | L36: =IF(N4="","",L$35) | M36: =IF(O4="","",M$35) | N36: =IF(P4="","",N$35) | ... AF36: =IF(AH4="","",AF$35)
E37: {=MMULT((OFFSET(I4,0,0,COUNT(I4:I23),COUNT(I4:AH4))-OFFSET(G35,0,0,COUNT(I4:I23),COUNT(I4:AH4)))^2,OFFSET(AO4,0,0,COUNT(I4:AH4),1)^2)} -> #REF! | G37: =IF(I5="","",G$35) | H37: =IF(J5="","",H$35) | I37: =IF(K5="","",I$35) | J37: =IF(L5="","",J$35) | K37: =IF(M5="","",K$35) | L37: =IF(N5="","",L$35) | M37: =IF(O5="","",M$35) | N37: =IF(P5="","",N$35) | ... AF37: =IF(AH5="","",AF$35)
G38: =IF(I6="","",G$35) | H38: =IF(J6="","",H$35) | I38: =IF(K6="","",I$35) | J38: =IF(L6="","",J$35) | K38: =IF(M6="","",K$35) | L38: =IF(N6="","",L$35) | M38: =IF(O6="","",M$35) | N38: =IF(P6="","",N$35) | ... AF38: =IF(AH6="","",AF$35)
G39: =IF(I7="","",G$35) | H39: =IF(J7="","",H$35) | I39: =IF(K7="","",I$35) | J39: =IF(L7="","",J$35) | K39: =IF(M7="","",K$35) | L39: =IF(N7="","",L$35) | M39: =IF(O7="","",M$35) | N39: =IF(P7="","",N$35) | ... AF39: =IF(AH7="","",AF$35)
G40: =IF(I8="","",G$35) | H40: =IF(J8="","",H$35) | I40: =IF(K8="","",I$35) | J40: =IF(L8="","",J$35) | K40: =IF(M8="","",K$35) | L40: =IF(N8="","",L$35) | M40: =IF(O8="","",M$35) | N40: =IF(P8="","",N$35) | ... AF40: =IF(AH8="","",AF$35)
G41: =IF(I9="","",G$35) | H41: =IF(J9="","",H$35) | I41: =IF(K9="","",I$35) | J41: =IF(L9="","",J$35) | K41: =IF(M9="","",K$35) | L41: =IF(N9="","",L$35) | M41: =IF(O9="","",M$35) | N41: =IF(P9="","",N$35) | ... AF41: =IF(AH9="","",AF$35)
G42: =IF(I10="","",G$35) | H42: =IF(J10="","",H$35) | I42: =IF(K10="","",I$35) | J42: =IF(L10="","",J$35) | K42: =IF(M10="","",K$35) | L42: =IF(N10="","",L$35) | M42: =IF(O10="","",M$35) | N42: =IF(P10="","",N$35) | ... AF42: =IF(AH10="","",AF$35)
G43: =IF(I11="","",G$35) | H43: =IF(J11="","",H$35) | I43: =IF(K11="","",I$35) | J43: =IF(L11="","",J$35) | K43: =IF(M11="","",K$35) | L43: =IF(N11="","",L$35) | M43: =IF(O11="","",M$35) | N43: =IF(P11="","",N$35) | ... AF43: =IF(AH11="","",AF$35)
G44: =IF(I12="","",G$35) | H44: =IF(J12="","",H$35) | I44: =IF(K12="","",I$35) | J44: =IF(L12="","",J$35) | K44: =IF(M12="","",K$35) | L44: =IF(N12="","",L$35) | M44: =IF(O12="","",M$35) | N44: =IF(P12="","",N$35) | ... AF44: =IF(AH12="","",AF$35)
G45: =IF(I13="","",G$35) | H45: =IF(J13="","",H$35) | I45: =IF(K13="","",I$35) | J45: =IF(L13="","",J$35) | K45: =IF(M13="","",K$35) | L45: =IF(N13="","",L$35) | M45: =IF(O13="","",M$35) | N45: =IF(P13="","",N$35) | ... AF45: =IF(AH13="","",AF$35)
G46: =IF(I14="","",G$35) | H46: =IF(J14="","",H$35) | I46: =IF(K14="","",I$35) | J46: =IF(L14="","",J$35) | K46: =IF(M14="","",K$35) | L46: =IF(N14="","",L$35) | M46: =IF(O14="","",M$35) | N46: =IF(P14="","",N$35) | ... AF46: =IF(AH14="","",AF$35)
G47: =IF(I15="","",G$35) | H47: =IF(J15="","",H$35) | I47: =IF(K15="","",I$35) | J47: =IF(L15="","",J$35) | K47: =IF(M15="","",K$35) | L47: =IF(N15="","",L$35) | M47: =IF(O15="","",M$35) | N47: =IF(P15="","",N$35) | ... AF47: =IF(AH15="","",AF$35)
G48: =IF(I16="","",G$35) | H48: =IF(J16="","",H$35) | I48: =IF(K16="","",I$35) | J48: =IF(L16="","",J$35) | K48: =IF(M16="","",K$35) | L48: =IF(N16="","",L$35) | M48: =IF(O16="","",M$35) | N48: =IF(P16="","",N$35) | ... AF48: =IF(AH16="","",AF$35)
G49: =IF(I17="","",G$35) | H49: =IF(J17="","",H$35) | I49: =IF(K17="","",I$35) | J49: =IF(L17="","",J$35) | K49: =IF(M17="","",K$35) | L49: =IF(N17="","",L$35) | M49: =IF(O17="","",M$35) | N49: =IF(P17="","",N$35) | ... AF49: =IF(AH17="","",AF$35)
... G55: =IF(I23="","",G$35) | H55: =IF(J23="","",H$35) | I55: =IF(K23="","",I$35) | J55: =IF(L23="","",J$35) | K55: =IF(M23="","",K$35) | L55: =IF(N23="","",L$35) | M55: =IF(O23="","",M$35) | N55: =IF(P23="","",N$35) | ... AF55: =IF(AH23="","",AF$35)
D58: Linear regression | G58: {=LINEST(OFFSET(B4,0,0,COUNT(K4:K23),1),OFFSET(A4,0,0,COUNT(K4:K23),1),1,1)} -> #REF!

Sheet DESIGN_CORRELATION
C1: Orthogonality | F1: =MAX(0,MDETERM(OFFSET(C5,0,0,COUNT(C5:Z5),COUNT(C5:Z5)))) -> 0.88148148 | K1: Loss of orthogonality | O1: =1-F1 -> 0.11851852 | AA1: The correlation matrix for the design matrix shall be the identity matrix for orthogonal designs. Double-check your design if this is not the case. Any non-diagonal element above 0,5 (in absolute value) may lead to misinterpretation of the results.
C2: (as determinant of the correlation matrix)
C3: =IF(C4="","",ADDRESS(2,COLUMN(),,,"EXP_MATRIX")&":"&ADDRESS(71,COLUMN())) -> EXP_MATRIX!$C$2:$C$71 | D3: =IF(D4="","",ADDRESS(2,COLUMN(),,,"EXP_MATRIX")&":"&ADDRESS(71,COLUMN())) -> EXP_MATRIX!$D$2:$D$71 | E3: =IF(E4="","",ADDRESS(2,COLUMN(),,,"EXP_MATRIX")&":"&ADDRESS(71,COLUMN())) -> EXP_MATRIX!$E$2:$E$71 | F3: =IF(F4="","",ADDRESS(2,COLUMN(),,,"EXP_MATRIX")&":"&ADDRESS(71,COLUMN())) -> EXP_MATRIX!$F$2:$F$71 | G3: =IF(G4="","",ADDRESS(2,COLUMN(),,,"EXP_MATRIX")&":"&ADDRESS(71,COLUMN())) -> EXP_MATRIX!$G$2:$G$71 | H3: =IF(H4="","",ADDRESS(2,COLUMN(),,,"EXP_MATRIX")&":"&ADDRESS(71,COLUMN())) -> EXP_MATRIX!$H$2:$H$71 | I3: =IF(I4="","",ADDRESS(2,COLUMN(),,,"EXP_MATRIX")&":"&ADDRESS(71,COLUMN())) -> EXP_MATRIX!$I$2:$I$71 | J3: =IF(J4="","",ADDRESS(2,COLUMN(),,,"EXP_MATRIX")&":"&ADDRESS(71,COLUMN())) -> EXP_MATRIX!$J$2:$J$71 | ... Z3: =IF(Z4="","",ADDRESS(2,COLUMN(),,,"EXP_MATRIX")&":"&ADDRESS(71,COLUMN()))
C4: =DESIGN_FEATURES!A19 -> A | D4: =DESIGN_FEATURES!B19 -> B | E4: =DESIGN_FEATURES!C19 -> C | F4: =DESIGN_FEATURES!D19 -> D | G4: =DESIGN_FEATURES!E19 -> E | H4: =DESIGN_FEATURES!F19 -> F | I4: =DESIGN_FEATURES!G19 -> G | J4: =DESIGN_FEATURES!H19 -> H | ... Z4: =DESIGN_FEATURES!X19
A5: =IF(B5="","",ADDRESS(2,ROW()-2,,,"EXP_MATRIX")&":"&ADDRESS(71,ROW()-2)) -> EXP_MATRIX!$C$2:$C$71 | B5: {=TRANSPOSE(C4:Z4)} -> A | C5: =IFERROR(CORREL(INDIRECT($A5),INDIRECT(C$3)),IF(AND(C$4<>"",$B5<>""),99,"")) -> 1 | D5: =IFERROR(CORREL(INDIRECT($A5),INDIRECT(D$3)),IF(AND(D$4<>"",$B5<>""),99,"")) -> 0 | E5: =IFERROR(CORREL(INDIRECT($A5),INDIRECT(E$3)),IF(AND(E$4<>"",$B5<>""),99,"")) -> 0 | F5: =IFERROR(CORREL(INDIRECT($A5),INDIRECT(F$3)),IF(AND(F$4<>"",$B5<>""),99,"")) -> 0 | G5: =IFERROR(CORREL(INDIRECT($A5),INDIRECT(G$3)),IF(AND(G$4<>"",$B5<>""),99,"")) -> 0 | H5: =IFERROR(CORREL(INDIRECT($A5),INDIRECT(H$3)),IF(AND(H$4<>"",$B5<>""),99,"")) -> 0 | I5: =IFERROR(CORREL(INDIRECT($A5),INDIRECT(I$3)),IF(AND(I$4<>"",$B5<>""),99,"")) -> 0 | J5: =IFERROR(CORREL(INDIRECT($A5),INDIRECT(J$3)),IF(AND(J$4<>"",$B5<>""),99,"")) -> 0 | ... Z5: =IFERROR(CORREL(INDIRECT($A5),INDIRECT(Z$3)),IF(AND(Z$4<>"",$B5<>""),99,""))
A6: =IF(B6="","",ADDRESS(2,ROW()-2,,,"EXP_MATRIX")&":"&ADDRESS(71,ROW()-2)) -> EXP_MATRIX!$D$2:$D$71 | B6: B | C6: =IFERROR(CORREL(INDIRECT($A6),INDIRECT(C$3)),IF(AND(C$4<>"",$B6<>""),99,"")) -> 0 | D6: =IFERROR(CORREL(INDIRECT($A6),INDIRECT(D$3)),IF(AND(D$4<>"",$B6<>""),99,"")) -> 1 | E6: =IFERROR(CORREL(INDIRECT($A6),INDIRECT(E$3)),IF(AND(E$4<>"",$B6<>""),99,"")) -> 0 | F6: =IFERROR(CORREL(INDIRECT($A6),INDIRECT(F$3)),IF(AND(F$4<>"",$B6<>""),99,"")) -> 0 | G6: =IFERROR(CORREL(INDIRECT($A6),INDIRECT(G$3)),IF(AND(G$4<>"",$B6<>""),99,"")) -> 0 | H6: =IFERROR(CORREL(INDIRECT($A6),INDIRECT(H$3)),IF(AND(H$4<>"",$B6<>""),99,"")) -> 0 | I6: =IFERROR(CORREL(INDIRECT($A6),INDIRECT(I$3)),IF(AND(I$4<>"",$B6<>""),99,"")) -> 0 | J6: =IFERROR(CORREL(INDIRECT($A6),INDIRECT(J$3)),IF(AND(J$4<>"",$B6<>""),99,"")) -> 0 | ... Z6: =IFERROR(CORREL(INDIRECT($A6),INDIRECT(Z$3)),IF(AND(Z$4<>"",$B6<>""),99,""))
A7: =IF(B7="","",ADDRESS(2,ROW()-2,,,"EXP_MATRIX")&":"&ADDRESS(71,ROW()-2)) -> EXP_MATRIX!$E$2:$E$71 | B7: C | C7: =IFERROR(CORREL(INDIRECT($A7),INDIRECT(C$3)),IF(AND(C$4<>"",$B7<>""),99,"")) -> 0 | D7: =IFERROR(CORREL(INDIRECT($A7),INDIRECT(D$3)),IF(AND(D$4<>"",$B7<>""),99,"")) -> 0 | E7: =IFERROR(CORREL(INDIRECT($A7),INDIRECT(E$3)),IF(AND(E$4<>"",$B7<>""),99,"")) -> 1 | F7: =IFERROR(CORREL(INDIRECT($A7),INDIRECT(F$3)),IF(AND(F$4<>"",$B7<>""),99,"")) -> 0 | G7: =IFERROR(CORREL(INDIRECT($A7),INDIRECT(G$3)),IF(AND(G$4<>"",$B7<>""),99,"")) -> 0 | H7: =IFERROR(CORREL(INDIRECT($A7),INDIRECT(H$3)),IF(AND(H$4<>"",$B7<>""),99,"")) -> 0 | I7: =IFERROR(CORREL(INDIRECT($A7),INDIRECT(I$3)),IF(AND(I$4<>"",$B7<>""),99,"")) -> 0 | J7: =IFERROR(CORREL(INDIRECT($A7),INDIRECT(J$3)),IF(AND(J$4<>"",$B7<>""),99,"")) -> 0 | ... Z7: =IFERROR(CORREL(INDIRECT($A7),INDIRECT(Z$3)),IF(AND(Z$4<>"",$B7<>""),99,""))
A8: =IF(B8="","",ADDRESS(2,ROW()-2,,,"EXP_MATRIX")&":"&ADDRESS(71,ROW()-2)) -> EXP_MATRIX!$F$2:$F$71 | B8: D | C8: =IFERROR(CORREL(INDIRECT($A8),INDIRECT(C$3)),IF(AND(C$4<>"",$B8<>""),99,"")) -> 0 | D8: =IFERROR(CORREL(INDIRECT($A8),INDIRECT(D$3)),IF(AND(D$4<>"",$B8<>""),99,"")) -> 0 | E8: =IFERROR(CORREL(INDIRECT($A8),INDIRECT(E$3)),IF(AND(E$4<>"",$B8<>""),99,"")) -> 0 | F8: =IFERROR(CORREL(INDIRECT($A8),INDIRECT(F$3)),IF(AND(F$4<>"",$B8<>""),99,"")) -> 1 | G8: =IFERROR(CORREL(INDIRECT($A8),INDIRECT(G$3)),IF(AND(G$4<>"",$B8<>""),99,"")) -> 0 | H8: =IFERROR(CORREL(INDIRECT($A8),INDIRECT(H$3)),IF(AND(H$4<>"",$B8<>""),99,"")) -> 0 | I8: =IFERROR(CORREL(INDIRECT($A8),INDIRECT(I$3)),IF(AND(I$4<>"",$B8<>""),99,"")) -> 0 | J8: =IFERROR(CORREL(INDIRECT($A8),INDIRECT(J$3)),IF(AND(J$4<>"",$B8<>""),99,"")) -> 0 | ... Z8: =IFERROR(CORREL(INDIRECT($A8),INDIRECT(Z$3)),IF(AND(Z$4<>"",$B8<>""),99,""))
A9: =IF(B9="","",ADDRESS(2,ROW()-2,,,"EXP_MATRIX")&":"&ADDRESS(71,ROW()-2)) -> EXP_MATRIX!$G$2:$G$71 | B9: E | C9: =IFERROR(CORREL(INDIRECT($A9),INDIRECT(C$3)),IF(AND(C$4<>"",$B9<>""),99,"")) -> 0 | D9: =IFERROR(CORREL(INDIRECT($A9),INDIRECT(D$3)),IF(AND(D$4<>"",$B9<>""),99,"")) -> 0 | E9: =IFERROR(CORREL(INDIRECT($A9),INDIRECT(E$3)),IF(AND(E$4<>"",$B9<>""),99,"")) -> 0 | F9: =IFERROR(CORREL(INDIRECT($A9),INDIRECT(F$3)),IF(AND(F$4<>"",$B9<>""),99,"")) -> 0 | G9: =IFERROR(CORREL(INDIRECT($A9),INDIRECT(G$3)),IF(AND(G$4<>"",$B9<>""),99,"")) -> 1 | H9: =IFERROR(CORREL(INDIRECT($A9),INDIRECT(H$3)),IF(AND(H$4<>"",$B9<>""),99,"")) -> 0 | I9: =IFERROR(CORREL(INDIRECT($A9),INDIRECT(I$3)),IF(AND(I$4<>"",$B9<>""),99,"")) -> 0 | J9: =IFERROR(CORREL(INDIRECT($A9),INDIRECT(J$3)),IF(AND(J$4<>"",$B9<>""),99,"")) -> 0 | ... Z9: =IFERROR(CORREL(INDIRECT($A9),INDIRECT(Z$3)),IF(AND(Z$4<>"",$B9<>""),99,""))
A10: =IF(B10="","",ADDRESS(2,ROW()-2,,,"EXP_MATRIX")&":"&ADDRESS(71,ROW()-2)) -> EXP_MATRIX!$H$2:$H$71 | B10: F | C10: =IFERROR(CORREL(INDIRECT($A10),INDIRECT(C$3)),IF(AND(C$4<>"",$B10<>""),99,"")) -> 0 | D10: =IFERROR(CORREL(INDIRECT($A10),INDIRECT(D$3)),IF(AND(D$4<>"",$B10<>""),99,"")) -> 0 | E10: =IFERROR(CORREL(INDIRECT($A10),INDIRECT(E$3)),IF(AND(E$4<>"",$B10<>""),99,"")) -> 0 | F10: =IFERROR(CORREL(INDIRECT($A10),INDIRECT(F$3)),IF(AND(F$4<>"",$B10<>""),99,"")) -> 0 | G10: =IFERROR(CORREL(INDIRECT($A10),INDIRECT(G$3)),IF(AND(G$4<>"",$B10<>""),99,"")) -> 0 | H10: =IFERROR(CORREL(INDIRECT($A10),INDIRECT(H$3)),IF(AND(H$4<>"",$B10<>""),99,"")) -> 1 | I10: =IFERROR(CORREL(INDIRECT($A10),INDIRECT(I$3)),IF(AND(I$4<>"",$B10<>""),99,"")) -> 0 | J10: =IFERROR(CORREL(INDIRECT($A10),INDIRECT(J$3)),IF(AND(J$4<>"",$B10<>""),99,"")) -> 0 | ... Z10: =IFERROR(CORREL(INDIRECT($A10),INDIRECT(Z$3)),IF(AND(Z$4<>"",$B10<>""),99,""))
A11: =IF(B11="","",ADDRESS(2,ROW()-2,,,"EXP_MATRIX")&":"&ADDRESS(71,ROW()-2)) -> EXP_MATRIX!$I$2:$I$71 | B11: G | C11: =IFERROR(CORREL(INDIRECT($A11),INDIRECT(C$3)),IF(AND(C$4<>"",$B11<>""),99,"")) -> 0 | D11: =IFERROR(CORREL(INDIRECT($A11),INDIRECT(D$3)),IF(AND(D$4<>"",$B11<>""),99,"")) -> 0 | E11: =IFERROR(CORREL(INDIRECT($A11),INDIRECT(E$3)),IF(AND(E$4<>"",$B11<>""),99,"")) -> 0 | F11: =IFERROR(CORREL(INDIRECT($A11),INDIRECT(F$3)),IF(AND(F$4<>"",$B11<>""),99,"")) -> 0 | G11: =IFERROR(CORREL(INDIRECT($A11),INDIRECT(G$3)),IF(AND(G$4<>"",$B11<>""),99,"")) -> 0 | H11: =IFERROR(CORREL(INDIRECT($A11),INDIRECT(H$3)),IF(AND(H$4<>"",$B11<>""),99,"")) -> 0 | I11: =IFERROR(CORREL(INDIRECT($A11),INDIRECT(I$3)),IF(AND(I$4<>"",$B11<>""),99,"")) -> 1 | J11: =IFERROR(CORREL(INDIRECT($A11),INDIRECT(J$3)),IF(AND(J$4<>"",$B11<>""),99,"")) -> 0 | ... Z11: =IFERROR(CORREL(INDIRECT($A11),INDIRECT(Z$3)),IF(AND(Z$4<>"",$B11<>""),99,""))
A12: =IF(B12="","",ADDRESS(2,ROW()-2,,,"EXP_MATRIX")&":"&ADDRESS(71,ROW()-2)) -> EXP_MATRIX!$J$2:$J$71 | B12: H | C12: =IFERROR(CORREL(INDIRECT($A12),INDIRECT(C$3)),IF(AND(C$4<>"",$B12<>""),99,"")) -> 0 | D12: =IFERROR(CORREL(INDIRECT($A12),INDIRECT(D$3)),IF(AND(D$4<>"",$B12<>""),99,"")) -> 0 | E12: =IFERROR(CORREL(INDIRECT($A12),INDIRECT(E$3)),IF(AND(E$4<>"",$B12<>""),99,"")) -> 0 | F12: =IFERROR(CORREL(INDIRECT($A12),INDIRECT(F$3)),IF(AND(F$4<>"",$B12<>""),99,"")) -> 0 | G12: =IFERROR(CORREL(INDIRECT($A12),INDIRECT(G$3)),IF(AND(G$4<>"",$B12<>""),99,"")) -> 0 | H12: =IFERROR(CORREL(INDIRECT($A12),INDIRECT(H$3)),IF(AND(H$4<>"",$B12<>""),99,"")) -> 0 | I12: =IFERROR(CORREL(INDIRECT($A12),INDIRECT(I$3)),IF(AND(I$4<>"",$B12<>""),99,"")) -> 0 | J12: =IFERROR(CORREL(INDIRECT($A12),INDIRECT(J$3)),IF(AND(J$4<>"",$B12<>""),99,"")) -> 1 | ... Z12: =IFERROR(CORREL(INDIRECT($A12),INDIRECT(Z$3)),IF(AND(Z$4<>"",$B12<>""),99,""))
A13: =IF(B13="","",ADDRESS(2,ROW()-2,,,"EXP_MATRIX")&":"&ADDRESS(71,ROW()-2)) -> EXP_MATRIX!$K$2:$K$71 | B13: J | C13: =IFERROR(CORREL(INDIRECT($A13),INDIRECT(C$3)),IF(AND(C$4<>"",$B13<>""),99,"")) -> -0.086066297 | D13: =IFERROR(CORREL(INDIRECT($A13),INDIRECT(D$3)),IF(AND(D$4<>"",$B13<>""),99,"")) -> 0.086066297 | E13: =IFERROR(CORREL(INDIRECT($A13),INDIRECT(E$3)),IF(AND(E$4<>"",$B13<>""),99,"")) -> -0.086066297 | F13: =IFERROR(CORREL(INDIRECT($A13),INDIRECT(F$3)),IF(AND(F$4<>"",$B13<>""),99,"")) -> 0.25819889 | G13: =IFERROR(CORREL(INDIRECT($A13),INDIRECT(G$3)),IF(AND(G$4<>"",$B13<>""),99,"")) -> -0.086066297 | H13: =IFERROR(CORREL(INDIRECT($A13),INDIRECT(H$3)),IF(AND(H$4<>"",$B13<>""),99,"")) -> 0.086066297 | I13: =IFERROR(CORREL(INDIRECT($A13),INDIRECT(I$3)),IF(AND(I$4<>"",$B13<>""),99,"")) -> 0.086066297 | J13: =IFERROR(CORREL(INDIRECT($A13),INDIRECT(J$3)),IF(AND(J$4<>"",$B13<>""),99,"")) -> 0.086066297 | ... Z13: =IFERROR(CORREL(INDIRECT($A13),INDIRECT(Z$3)),IF(AND(Z$4<>"",$B13<>""),99,""))
A14: =IF(B14="","",ADDRESS(2,ROW()-2,,,"EXP_MATRIX")&":"&ADDRESS(71,ROW()-2)) | C14: =IFERROR(CORREL(INDIRECT($A14),INDIRECT(C$3)),IF(AND(C$4<>"",$B14<>""),99,"")) | D14: =IFERROR(CORREL(INDIRECT($A14),INDIRECT(D$3)),IF(AND(D$4<>"",$B14<>""),99,"")) | E14: =IFERROR(CORREL(INDIRECT($A14),INDIRECT(E$3)),IF(AND(E$4<>"",$B14<>""),99,"")) | F14: =IFERROR(CORREL(INDIRECT($A14),INDIRECT(F$3)),IF(AND(F$4<>"",$B14<>""),99,"")) | G14: =IFERROR(CORREL(INDIRECT($A14),INDIRECT(G$3)),IF(AND(G$4<>"",$B14<>""),99,"")) | H14: =IFERROR(CORREL(INDIRECT($A14),INDIRECT(H$3)),IF(AND(H$4<>"",$B14<>""),99,"")) | I14: =IFERROR(CORREL(INDIRECT($A14),INDIRECT(I$3)),IF(AND(I$4<>"",$B14<>""),99,"")) | J14: =IFERROR(CORREL(INDIRECT($A14),INDIRECT(J$3)),IF(AND(J$4<>"",$B14<>""),99,"")) | ... Z14: =IFERROR(CORREL(INDIRECT($A14),INDIRECT(Z$3)),IF(AND(Z$4<>"",$B14<>""),99,""))
A15: =IF(B15="","",ADDRESS(2,ROW()-2,,,"EXP_MATRIX")&":"&ADDRESS(71,ROW()-2)) | C15: =IFERROR(CORREL(INDIRECT($A15),INDIRECT(C$3)),IF(AND(C$4<>"",$B15<>""),99,"")) | D15: =IFERROR(CORREL(INDIRECT($A15),INDIRECT(D$3)),IF(AND(D$4<>"",$B15<>""),99,"")) | E15: =IFERROR(CORREL(INDIRECT($A15),INDIRECT(E$3)),IF(AND(E$4<>"",$B15<>""),99,"")) | F15: =IFERROR(CORREL(INDIRECT($A15),INDIRECT(F$3)),IF(AND(F$4<>"",$B15<>""),99,"")) | G15: =IFERROR(CORREL(INDIRECT($A15),INDIRECT(G$3)),IF(AND(G$4<>"",$B15<>""),99,"")) | H15: =IFERROR(CORREL(INDIRECT($A15),INDIRECT(H$3)),IF(AND(H$4<>"",$B15<>""),99,"")) | I15: =IFERROR(CORREL(INDIRECT($A15),INDIRECT(I$3)),IF(AND(I$4<>"",$B15<>""),99,"")) | J15: =IFERROR(CORREL(INDIRECT($A15),INDIRECT(J$3)),IF(AND(J$4<>"",$B15<>""),99,"")) | ... Z15: =IFERROR(CORREL(INDIRECT($A15),INDIRECT(Z$3)),IF(AND(Z$4<>"",$B15<>""),99,""))
A16: =IF(B16="","",ADDRESS(2,ROW()-2,,,"EXP_MATRIX")&":"&ADDRESS(71,ROW()-2)) | C16: =IFERROR(CORREL(INDIRECT($A16),INDIRECT(C$3)),IF(AND(C$4<>"",$B16<>""),99,"")) | D16: =IFERROR(CORREL(INDIRECT($A16),INDIRECT(D$3)),IF(AND(D$4<>"",$B16<>""),99,"")) | E16: =IFERROR(CORREL(INDIRECT($A16),INDIRECT(E$3)),IF(AND(E$4<>"",$B16<>""),99,"")) | F16: =IFERROR(CORREL(INDIRECT($A16),INDIRECT(F$3)),IF(AND(F$4<>"",$B16<>""),99,"")) | G16: =IFERROR(CORREL(INDIRECT($A16),INDIRECT(G$3)),IF(AND(G$4<>"",$B16<>""),99,"")) | H16: =IFERROR(CORREL(INDIRECT($A16),INDIRECT(H$3)),IF(AND(H$4<>"",$B16<>""),99,"")) | I16: =IFERROR(CORREL(INDIRECT($A16),INDIRECT(I$3)),IF(AND(I$4<>"",$B16<>""),99,"")) | J16: =IFERROR(CORREL(INDIRECT($A16),INDIRECT(J$3)),IF(AND(J$4<>"",$B16<>""),99,"")) | ... Z16: =IFERROR(CORREL(INDIRECT($A16),INDIRECT(Z$3)),IF(AND(Z$4<>"",$B16<>""),99,""))
A17: =IF(B17="","",ADDRESS(2,ROW()-2,,,"EXP_MATRIX")&":"&ADDRESS(71,ROW()-2)) | C17: =IFERROR(CORREL(INDIRECT($A17),INDIRECT(C$3)),IF(AND(C$4<>"",$B17<>""),99,"")) | D17: =IFERROR(CORREL(INDIRECT($A17),INDIRECT(D$3)),IF(AND(D$4<>"",$B17<>""),99,"")) | E17: =IFERROR(CORREL(INDIRECT($A17),INDIRECT(E$3)),IF(AND(E$4<>"",$B17<>""),99,"")) | F17: =IFERROR(CORREL(INDIRECT($A17),INDIRECT(F$3)),IF(AND(F$4<>"",$B17<>""),99,"")) | G17: =IFERROR(CORREL(INDIRECT($A17),INDIRECT(G$3)),IF(AND(G$4<>"",$B17<>""),99,"")) | H17: =IFERROR(CORREL(INDIRECT($A17),INDIRECT(H$3)),IF(AND(H$4<>"",$B17<>""),99,"")) | I17: =IFERROR(CORREL(INDIRECT($A17),INDIRECT(I$3)),IF(AND(I$4<>"",$B17<>""),99,"")) | J17: =IFERROR(CORREL(INDIRECT($A17),INDIRECT(J$3)),IF(AND(J$4<>"",$B17<>""),99,"")) | ... Z17: =IFERROR(CORREL(INDIRECT($A17),INDIRECT(Z$3)),IF(AND(Z$4<>"",$B17<>""),99,""))
A18: =IF(B18="","",ADDRESS(2,ROW()-2,,,"EXP_MATRIX")&":"&ADDRESS(71,ROW()-2)) | C18: =IFERROR(CORREL(INDIRECT($A18),INDIRECT(C$3)),IF(AND(C$4<>"",$B18<>""),99,"")) | D18: =IFERROR(CORREL(INDIRECT($A18),INDIRECT(D$3)),IF(AND(D$4<>"",$B18<>""),99,"")) | E18: =IFERROR(CORREL(INDIRECT($A18),INDIRECT(E$3)),IF(AND(E$4<>"",$B18<>""),99,"")) | F18: =IFERROR(CORREL(INDIRECT($A18),INDIRECT(F$3)),IF(AND(F$4<>"",$B18<>""),99,"")) | G18: =IFERROR(CORREL(INDIRECT($A18),INDIRECT(G$3)),IF(AND(G$4<>"",$B18<>""),99,"")) | H18: =IFERROR(CORREL(INDIRECT($A18),INDIRECT(H$3)),IF(AND(H$4<>"",$B18<>""),99,"")) | I18: =IFERROR(CORREL(INDIRECT($A18),INDIRECT(I$3)),IF(AND(I$4<>"",$B18<>""),99,"")) | J18: =IFERROR(CORREL(INDIRECT($A18),INDIRECT(J$3)),IF(AND(J$4<>"",$B18<>""),99,"")) | ... Z18: =IFERROR(CORREL(INDIRECT($A18),INDIRECT(Z$3)),IF(AND(Z$4<>"",$B18<>""),99,""))
A19: =IF(B19="","",ADDRESS(2,ROW()-2,,,"EXP_MATRIX")&":"&ADDRESS(71,ROW()-2)) | C19: =IFERROR(CORREL(INDIRECT($A19),INDIRECT(C$3)),IF(AND(C$4<>"",$B19<>""),99,"")) | D19: =IFERROR(CORREL(INDIRECT($A19),INDIRECT(D$3)),IF(AND(D$4<>"",$B19<>""),99,"")) | E19: =IFERROR(CORREL(INDIRECT($A19),INDIRECT(E$3)),IF(AND(E$4<>"",$B19<>""),99,"")) | F19: =IFERROR(CORREL(INDIRECT($A19),INDIRECT(F$3)),IF(AND(F$4<>"",$B19<>""),99,"")) | G19: =IFERROR(CORREL(INDIRECT($A19),INDIRECT(G$3)),IF(AND(G$4<>"",$B19<>""),99,"")) | H19: =IFERROR(CORREL(INDIRECT($A19),INDIRECT(H$3)),IF(AND(H$4<>"",$B19<>""),99,"")) | I19: =IFERROR(CORREL(INDIRECT($A19),INDIRECT(I$3)),IF(AND(I$4<>"",$B19<>""),99,"")) | J19: =IFERROR(CORREL(INDIRECT($A19),INDIRECT(J$3)),IF(AND(J$4<>"",$B19<>""),99,"")) | ... Z19: =IFERROR(CORREL(INDIRECT($A19),INDIRECT(Z$3)),IF(AND(Z$4<>"",$B19<>""),99,""))
A20: =IF(B20="","",ADDRESS(2,ROW()-2,,,"EXP_MATRIX")&":"&ADDRESS(71,ROW()-2)) | C20: =IFERROR(CORREL(INDIRECT($A20),INDIRECT(C$3)),IF(AND(C$4<>"",$B20<>""),99,"")) | D20: =IFERROR(CORREL(INDIRECT($A20),INDIRECT(D$3)),IF(AND(D$4<>"",$B20<>""),99,"")) | E20: =IFERROR(CORREL(INDIRECT($A20),INDIRECT(E$3)),IF(AND(E$4<>"",$B20<>""),99,"")) | F20: =IFERROR(CORREL(INDIRECT($A20),INDIRECT(F$3)),IF(AND(F$4<>"",$B20<>""),99,"")) | G20: =IFERROR(CORREL(INDIRECT($A20),INDIRECT(G$3)),IF(AND(G$4<>"",$B20<>""),99,"")) | H20: =IFERROR(CORREL(INDIRECT($A20),INDIRECT(H$3)),IF(AND(H$4<>"",$B20<>""),99,"")) | I20: =IFERROR(CORREL(INDIRECT($A20),INDIRECT(I$3)),IF(AND(I$4<>"",$B20<>""),99,"")) | J20: =IFERROR(CORREL(INDIRECT($A20),INDIRECT(J$3)),IF(AND(J$4<>"",$B20<>""),99,"")) | ... Z20: =IFERROR(CORREL(INDIRECT($A20),INDIRECT(Z$3)),IF(AND(Z$4<>"",$B20<>""),99,""))
A21: =IF(B21="","",ADDRESS(2,ROW()-2,,,"EXP_MATRIX")&":"&ADDRESS(71,ROW()-2)) | C21: =IFERROR(CORREL(INDIRECT($A21),INDIRECT(C$3)),IF(AND(C$4<>"",$B21<>""),99,"")) | D21: =IFERROR(CORREL(INDIRECT($A21),INDIRECT(D$3)),IF(AND(D$4<>"",$B21<>""),99,"")) | E21: =IFERROR(CORREL(INDIRECT($A21),INDIRECT(E$3)),IF(AND(E$4<>"",$B21<>""),99,"")) | F21: =IFERROR(CORREL(INDIRECT($A21),INDIRECT(F$3)),IF(AND(F$4<>"",$B21<>""),99,"")) | G21: =IFERROR(CORREL(INDIRECT($A21),INDIRECT(G$3)),IF(AND(G$4<>"",$B21<>""),99,"")) | H21: =IFERROR(CORREL(INDIRECT($A21),INDIRECT(H$3)),IF(AND(H$4<>"",$B21<>""),99,"")) | I21: =IFERROR(CORREL(INDIRECT($A21),INDIRECT(I$3)),IF(AND(I$4<>"",$B21<>""),99,"")) | J21: =IFERROR(CORREL(INDIRECT($A21),INDIRECT(J$3)),IF(AND(J$4<>"",$B21<>""),99,"")) | ... Z21: =IFERROR(CORREL(INDIRECT($A21),INDIRECT(Z$3)),IF(AND(Z$4<>"",$B21<>""),99,""))
A22: =IF(B22="","",ADDRESS(2,ROW()-2,,,"EXP_MATRIX")&":"&ADDRESS(71,ROW()-2)) | C22: =IFERROR(CORREL(INDIRECT($A22),INDIRECT(C$3)),IF(AND(C$4<>"",$B22<>""),99,"")) | D22: =IFERROR(CORREL(INDIRECT($A22),INDIRECT(D$3)),IF(AND(D$4<>"",$B22<>""),99,"")) | E22: =IFERROR(CORREL(INDIRECT($A22),INDIRECT(E$3)),IF(AND(E$4<>"",$B22<>""),99,"")) | F22: =IFERROR(CORREL(INDIRECT($A22),INDIRECT(F$3)),IF(AND(F$4<>"",$B22<>""),99,"")) | G22: =IFERROR(CORREL(INDIRECT($A22),INDIRECT(G$3)),IF(AND(G$4<>"",$B22<>""),99,"")) | H22: =IFERROR(CORREL(INDIRECT($A22),INDIRECT(H$3)),IF(AND(H$4<>"",$B22<>""),99,"")) | I22: =IFERROR(CORREL(INDIRECT($A22),INDIRECT(I$3)),IF(AND(I$4<>"",$B22<>""),99,"")) | J22: =IFERROR(CORREL(INDIRECT($A22),INDIRECT(J$3)),IF(AND(J$4<>"",$B22<>""),99,"")) | ... Z22: =IFERROR(CORREL(INDIRECT($A22),INDIRECT(Z$3)),IF(AND(Z$4<>"",$B22<>""),99,""))
A23: =IF(B23="","",ADDRESS(2,ROW()-2,,,"EXP_MATRIX")&":"&ADDRESS(71,ROW()-2)) | C23: =IFERROR(CORREL(INDIRECT($A23),INDIRECT(C$3)),IF(AND(C$4<>"",$B23<>""),99,"")) | D23: =IFERROR(CORREL(INDIRECT($A23),INDIRECT(D$3)),IF(AND(D$4<>"",$B23<>""),99,"")) | E23: =IFERROR(CORREL(INDIRECT($A23),INDIRECT(E$3)),IF(AND(E$4<>"",$B23<>""),99,"")) | F23: =IFERROR(CORREL(INDIRECT($A23),INDIRECT(F$3)),IF(AND(F$4<>"",$B23<>""),99,"")) | G23: =IFERROR(CORREL(INDIRECT($A23),INDIRECT(G$3)),IF(AND(G$4<>"",$B23<>""),99,"")) | H23: =IFERROR(CORREL(INDIRECT($A23),INDIRECT(H$3)),IF(AND(H$4<>"",$B23<>""),99,"")) | I23: =IFERROR(CORREL(INDIRECT($A23),INDIRECT(I$3)),IF(AND(I$4<>"",$B23<>""),99,"")) | J23: =IFERROR(CORREL(INDIRECT($A23),INDIRECT(J$3)),IF(AND(J$4<>"",$B23<>""),99,"")) | ... Z23: =IFERROR(CORREL(INDIRECT($A23),INDIRECT(Z$3)),IF(AND(Z$4<>"",$B23<>""),99,""))
A24: =IF(B24="","",ADDRESS(2,ROW()-2,,,"EXP_MATRIX")&":"&ADDRESS(71,ROW()-2)) | C24: =IFERROR(CORREL(INDIRECT($A24),INDIRECT(C$3)),IF(AND(C$4<>"",$B24<>""),99,"")) | D24: =IFERROR(CORREL(INDIRECT($A24),INDIRECT(D$3)),IF(AND(D$4<>"",$B24<>""),99,"")) | E24: =IFERROR(CORREL(INDIRECT($A24),INDIRECT(E$3)),IF(AND(E$4<>"",$B24<>""),99,"")) | F24: =IFERROR(CORREL(INDIRECT($A24),INDIRECT(F$3)),IF(AND(F$4<>"",$B24<>""),99,"")) | G24: =IFERROR(CORREL(INDIRECT($A24),INDIRECT(G$3)),IF(AND(G$4<>"",$B24<>""),99,"")) | H24: =IFERROR(CORREL(INDIRECT($A24),INDIRECT(H$3)),IF(AND(H$4<>"",$B24<>""),99,"")) | I24: =IFERROR(CORREL(INDIRECT($A24),INDIRECT(I$3)),IF(AND(I$4<>"",$B24<>""),99,"")) | J24: =IFERROR(CORREL(INDIRECT($A24),INDIRECT(J$3)),IF(AND(J$4<>"",$B24<>""),99,"")) | ... Z24: =IFERROR(CORREL(INDIRECT($A24),INDIRECT(Z$3)),IF(AND(Z$4<>"",$B24<>""),99,""))
A25: =IF(B25="","",ADDRESS(2,ROW()-2,,,"EXP_MATRIX")&":"&ADDRESS(71,ROW()-2)) | C25: =IFERROR(CORREL(INDIRECT($A25),INDIRECT(C$3)),IF(AND(C$4<>"",$B25<>""),99,"")) | D25: =IFERROR(CORREL(INDIRECT($A25),INDIRECT(D$3)),IF(AND(D$4<>"",$B25<>""),99,"")) | E25: =IFERROR(CORREL(INDIRECT($A25),INDIRECT(E$3)),IF(AND(E$4<>"",$B25<>""),99,"")) | F25: =IFERROR(CORREL(INDIRECT($A25),INDIRECT(F$3)),IF(AND(F$4<>"",$B25<>""),99,"")) | G25: =IFERROR(CORREL(INDIRECT($A25),INDIRECT(G$3)),IF(AND(G$4<>"",$B25<>""),99,"")) | H25: =IFERROR(CORREL(INDIRECT($A25),INDIRECT(H$3)),IF(AND(H$4<>"",$B25<>""),99,"")) | I25: =IFERROR(CORREL(INDIRECT($A25),INDIRECT(I$3)),IF(AND(I$4<>"",$B25<>""),99,"")) | J25: =IFERROR(CORREL(INDIRECT($A25),INDIRECT(J$3)),IF(AND(J$4<>"",$B25<>""),99,"")) | ... Z25: =IFERROR(CORREL(INDIRECT($A25),INDIRECT(Z$3)),IF(AND(Z$4<>"",$B25<>""),99,""))
... A28: =IF(B28="","",ADDRESS(2,ROW()-2,,,"EXP_MATRIX")&":"&ADDRESS(71,ROW()-2)) | C28: =IFERROR(CORREL(INDIRECT($A28),INDIRECT(C$3)),IF(AND(C$4<>"",$B28<>""),99,"")) | D28: =IFERROR(CORREL(INDIRECT($A28),INDIRECT(D$3)),IF(AND(D$4<>"",$B28<>""),99,"")) | E28: =IFERROR(CORREL(INDIRECT($A28),INDIRECT(E$3)),IF(AND(E$4<>"",$B28<>""),99,"")) | F28: =IFERROR(CORREL(INDIRECT($A28),INDIRECT(F$3)),IF(AND(F$4<>"",$B28<>""),99,"")) | G28: =IFERROR(CORREL(INDIRECT($A28),INDIRECT(G$3)),IF(AND(G$4<>"",$B28<>""),99,"")) | H28: =IFERROR(CORREL(INDIRECT($A28),INDIRECT(H$3)),IF(AND(H$4<>"",$B28<>""),99,"")) | I28: =IFERROR(CORREL(INDIRECT($A28),INDIRECT(I$3)),IF(AND(I$4<>"",$B28<>""),99,"")) | J28: =IFERROR(CORREL(INDIRECT($A28),INDIRECT(J$3)),IF(AND(J$4<>"",$B28<>""),99,"")) | ... Z28: =IFERROR(CORREL(INDIRECT($A28),INDIRECT(Z$3)),IF(AND(Z$4<>"",$B28<>""),99,""))

Sheet EDA
A1: Y | B1: Y (with NA) | F1: Mean | G1: =AVERAGE(A2:A71) -> 5.988929
A2: =IF(EXP_MATRIX!B2="","",EXP_MATRIX!B2) -> 4.2919815 | B2: =IF(A2="",NA(),A2) -> 4.2919815 | C2: 1 | D2: 1 | F2: SD | G2: =STDEV(A2:A71) -> 1.5763149
A3: =IF(EXP_MATRIX!B3="","",EXP_MATRIX!B3) -> 4.0079398 | B3: =IF(A3="",NA(),A3) -> 4.0079398 | C3: 1 | D3: =IF(A3="",NA(),D2+1) -> 2 | F3: Variance | G3: =VAR(A2:A71) -> 2.4847686
A4: =IF(EXP_MATRIX!B4="","",EXP_MATRIX!B4) -> 5.180476 | B4: =IF(A4="",NA(),A4) -> 5.180476 | C4: 1 | D4: =IF(A4="",NA(),D3+1) -> 3
A5: =IF(EXP_MATRIX!B5="","",EXP_MATRIX!B5) -> 4.6917005 | B5: =IF(A5="",NA(),A5) -> 4.6917005 | C5: 1 | D5: =IF(A5="",NA(),D4+1) -> 4 | F5: Min | G5: =_xlfn.QUARTILE.INC($A$2:$A$71,ROW()-ROW($F$5)) -> 3.8313653
A6: =IF(EXP_MATRIX!B6="","",EXP_MATRIX!B6) -> 8.533188 | B6: =IF(A6="",NA(),A6) -> 8.533188 | C6: 1 | D6: =IF(A6="",NA(),D5+1) -> 5 | F6: Q1 | G6: =_xlfn.QUARTILE.INC($A$2:$A$71,ROW()-ROW($F$5)) -> 4.6520354
A7: =IF(EXP_MATRIX!B7="","",EXP_MATRIX!B7) -> 4.312169 | B7: =IF(A7="",NA(),A7) -> 4.312169 | C7: 1 | D7: =IF(A7="",NA(),D6+1) -> 6 | F7: Median | G7: =_xlfn.QUARTILE.INC($A$2:$A$71,ROW()-ROW($F$5)) -> 5.7081478
A8: =IF(EXP_MATRIX!B8="","",EXP_MATRIX!B8) -> 8.317046 | B8: =IF(A8="",NA(),A8) -> 8.317046 | C8: 1 | D8: =IF(A8="",NA(),D7+1) -> 7 | F8: Q3 | G8: =_xlfn.QUARTILE.INC($A$2:$A$71,ROW()-ROW($F$5)) -> 7.2428746
A9: =IF(EXP_MATRIX!B9="","",EXP_MATRIX!B9) -> 4.242967 | B9: =IF(A9="",NA(),A9) -> 4.242967 | C9: 1 | D9: =IF(A9="",NA(),D8+1) -> 8 | F9: Max | G9: =_xlfn.QUARTILE.INC($A$2:$A$71,ROW()-ROW($F$5)) -> 8.926826
A10: =IF(EXP_MATRIX!B10="","",EXP_MATRIX!B10) -> 4.73794 | B10: =IF(A10="",NA(),A10) -> 4.73794 | C10: 1 | D10: =IF(A10="",NA(),D9+1) -> 9
A11: =IF(EXP_MATRIX!B11="","",EXP_MATRIX!B11) -> 3.8313653 | B11: =IF(A11="",NA(),A11) -> 3.8313653 | C11: 1 | D11: =IF(A11="",NA(),D10+1) -> 10 | F11: n | G11: =COUNT(A2:A71) -> 32
A12: =IF(EXP_MATRIX!B12="","",EXP_MATRIX!B12) -> 5.428064 | B12: =IF(A12="",NA(),A12) -> 5.428064 | C12: 1 | D12: =IF(A12="",NA(),D11+1) -> 11
A13: =IF(EXP_MATRIX!B13="","",EXP_MATRIX!B13) -> 4.822603 | B13: =IF(A13="",NA(),A13) -> 4.822603 | C13: 1 | D13: =IF(A13="",NA(),D12+1) -> 12 | F13: Scale min | G13: =INT(G5/10^INT(LOG10(G5)))*10^INT(LOG10(G5)) -> 3
A14: =IF(EXP_MATRIX!B14="","",EXP_MATRIX!B14) -> 7.74115 | B14: =IF(A14="",NA(),A14) -> 7.74115 | C14: 1 | D14: =IF(A14="",NA(),D13+1) -> 13 | F14: Scale max | G14: =ROUNDUP(G9/10^INT(LOG10(G5)),0)*10^INT(LOG10(G5)) -> 9 | Q14: Median line
A15: =IF(EXP_MATRIX!B15="","",EXP_MATRIX!B15) -> 5.2487835 | B15: =IF(A15="",NA(),A15) -> 5.2487835 | C15: 1 | D15: =IF(A15="",NA(),D14+1) -> 14 | F15: Scale range | G15: =G14-G13 -> 6 | Q15: 1 | R15: =G7 -> 5.7081478
A16: =IF(EXP_MATRIX!B16="","",EXP_MATRIX!B16) -> 7.098279 | B16: =IF(A16="",NA(),A16) -> 7.098279 | C16: 1 | D16: =IF(A16="",NA(),D15+1) -> 15 | F16: Interval | G16: =G15/10 -> 0.6 | Q16: =G11 -> 32 | R16: =R15 -> 5.7081478
A17: =IF(EXP_MATRIX!B17="","",EXP_MATRIX!B17) -> 5.849369 | B17: =IF(A17="",NA(),A17) -> 5.849369 | C17: 1 | D17: =IF(A17="",NA(),D16+1) -> 16
A18: =IF(EXP_MATRIX!B18="","",EXP_MATRIX!B18) -> 4.53304 | B18: =IF(A18="",NA(),A18) -> 4.53304 | C18: 1 | D18: =IF(A18="",NA(),D17+1) -> 17
A19: =IF(EXP_MATRIX!B19="","",EXP_MATRIX!B19) -> 5.7342475 | B19: =IF(A19="",NA(),A19) -> 5.7342475 | C19: 1 | D19: =IF(A19="",NA(),D18+1) -> 18 | F19: Frequency table
A20: =IF(EXP_MATRIX!B20="","",EXP_MATRIX!B20) -> 5.878173 | B20: =IF(A20="",NA(),A20) -> 5.878173 | C20: 1 | D20: =IF(A20="",NA(),D19+1) -> 19 | F20: =G13 -> 3 | G20: ="<=" &F20 -> <=3 | H20: {=FREQUENCY($A$2:$A$71,F20:F30)} -> 0
A21: =IF(EXP_MATRIX!B21="","",EXP_MATRIX!B21) -> 5.2625435 | B21: =IF(A21="",NA(),A21) -> 5.2625435 | C21: 1 | D21: =IF(A21="",NA(),D20+1) -> 20 | F21: =F20+$G$16 -> 3.6 | G21: ="("&F20&";"&F21&"]" -> (3;3,6] | H21: 0
A22: =IF(EXP_MATRIX!B22="","",EXP_MATRIX!B22) -> 6.6597015 | B22: =IF(A22="",NA(),A22) -> 6.6597015 | C22: 1 | D22: =IF(A22="",NA(),D21+1) -> 21 | F22: =F21+$G$16 -> 4.2 | G22: ="("&F21&";"&F22&"]" -> (3,6;4,2] | H22: 3
A23: =IF(EXP_MATRIX!B23="","",EXP_MATRIX!B23) -> 8.1015325 | B23: =IF(A23="",NA(),A23) -> 8.1015325 | C23: 1 | D23: =IF(A23="",NA(),D22+1) -> 22 | F23: =F22+$G$16 -> 4.8 | G23: ="("&F22&";"&F23&"]" -> (4,2;4,8] | H23: 7
A24: =IF(EXP_MATRIX!B24="","",EXP_MATRIX!B24) -> 8.926826 | B24: =IF(A24="",NA(),A24) -> 8.926826 | C24: 1 | D24: =IF(A24="",NA(),D23+1) -> 23 | F24: =F23+$G$16 -> 5.4 | G24: ="("&F23&";"&F24&"]" -> (4,8;5,4] | H24: 4
A25: =IF(EXP_MATRIX!B25="","",EXP_MATRIX!B25) -> 7.059292 | B25: =IF(A25="",NA(),A25) -> 7.059292 | C25: 1 | D25: =IF(A25="",NA(),D24+1) -> 24 | F25: =F24+$G$16 -> 6 | G25: ="("&F24&";"&F25&"]" -> (5,4;6] | H25: 6
A26: =IF(EXP_MATRIX!B26="","",EXP_MATRIX!B26) -> 4.441202 | B26: =IF(A26="",NA(),A26) -> 4.441202 | C26: 1 | D26: =IF(A26="",NA(),D25+1) -> 25 | F26: =F25+$G$16 -> 6.6 | G26: ="("&F25&";"&F26&"]" -> (6;6,6] | H26: 0 | J26: Check for ouliers and trends in the outcome. Any of these conditions will require revising the initial data and/or taking extra caution when interpreting the results.
A27: =IF(EXP_MATRIX!B27="","",EXP_MATRIX!B27) -> 4.1802868 | B27: =IF(A27="",NA(),A27) -> 4.1802868 | C27: 1 | D27: =IF(A27="",NA(),D26+1) -> 26 | F27: =F26+$G$16 -> 7.2 | G27: ="("&F26&";"&F27&"]" -> (6,6;7,2] | H27: 3
A28: =IF(EXP_MATRIX!B28="","",EXP_MATRIX!B28) -> 5.682048 | B28: =IF(A28="",NA(),A28) -> 5.682048 | C28: 1 | D28: =IF(A28="",NA(),D27+1) -> 27 | F28: =F27+$G$16 -> 7.8 | G28: ="("&F27&";"&F28&"]" -> (7,2;7,8] | H28: 3
A29: =IF(EXP_MATRIX!B29="","",EXP_MATRIX!B29) -> 5.7801725 | B29: =IF(A29="",NA(),A29) -> 5.7801725 | C29: 1 | D29: =IF(A29="",NA(),D28+1) -> 28 | F29: =F28+$G$16 -> 8.4 | G29: ="("&F28&";"&F29&"]" -> (7,8;8,4] | H29: 3
A30: =IF(EXP_MATRIX!B30="","",EXP_MATRIX!B30) -> 8.739732 | B30: =IF(A30="",NA(),A30) -> 8.739732 | C30: 1 | D30: =IF(A30="",NA(),D29+1) -> 29 | F30: =F29+$G$16 -> 9 | G30: ="("&F29&";"&F30&"]" -> (8,4;9] | H30: 3
A31: =IF(EXP_MATRIX!B31="","",EXP_MATRIX!B31) -> 7.8388045 | B31: =IF(A31="",NA(),A31) -> 7.8388045 | C31: 1 | D31: =IF(A31="",NA(),D30+1) -> 30 | G31: =">" & F30 -> >9 | H31: 0
A32: =IF(EXP_MATRIX!B32="","",EXP_MATRIX!B32) -> 7.2539075 | B32: =IF(A32="",NA(),A32) -> 7.2539075 | C32: 1 | D32: =IF(A32="",NA(),D31+1) -> 31
A33: =IF(EXP_MATRIX!B33="","",EXP_MATRIX!B33) -> 7.239197 | B33: =IF(A33="",NA(),A33) -> 7.239197 | C33: 1 | D33: =IF(A33="",NA(),D32+1) -> 32
A34: =IF(EXP_MATRIX!B34="","",EXP_MATRIX!B34) | B34: =IF(A34="",NA(),A34) -> #N/A | C34: 1 | D34: =IF(A34="",NA(),D33+1) -> #N/A
A35: =IF(EXP_MATRIX!B35="","",EXP_MATRIX!B35) | B35: =IF(A35="",NA(),A35) -> #N/A | C35: 1 | D35: =IF(A35="",NA(),D34+1) -> #N/A
A36: =IF(EXP_MATRIX!B36="","",EXP_MATRIX!B36) | B36: =IF(A36="",NA(),A36) -> #N/A | C36: 1 | D36: =IF(A36="",NA(),D35+1) -> #N/A
A37: =IF(EXP_MATRIX!B37="","",EXP_MATRIX!B37) | B37: =IF(A37="",NA(),A37) -> #N/A | C37: 1 | D37: =IF(A37="",NA(),D36+1) -> #N/A
A38: =IF(EXP_MATRIX!B38="","",EXP_MATRIX!B38) | B38: =IF(A38="",NA(),A38) -> #N/A | C38: 1 | D38: =IF(A38="",NA(),D37+1) -> #N/A
A39: =IF(EXP_MATRIX!B39="","",EXP_MATRIX!B39) | B39: =IF(A39="",NA(),A39) -> #N/A | C39: 1 | D39: =IF(A39="",NA(),D38+1) -> #N/A
A40: =IF(EXP_MATRIX!B40="","",EXP_MATRIX!B40) | B40: =IF(A40="",NA(),A40) -> #N/A | C40: 1 | D40: =IF(A40="",NA(),D39+1) -> #N/A
A41: =IF(EXP_MATRIX!B41="","",EXP_MATRIX!B41) | B41: =IF(A41="",NA(),A41) -> #N/A | C41: 1 | D41: =IF(A41="",NA(),D40+1) -> #N/A
A42: =IF(EXP_MATRIX!B42="","",EXP_MATRIX!B42) | B42: =IF(A42="",NA(),A42) -> #N/A | C42: 1 | D42: =IF(A42="",NA(),D41+1) -> #N/A
A43: =IF(EXP_MATRIX!B43="","",EXP_MATRIX!B43) | B43: =IF(A43="",NA(),A43) -> #N/A | C43: 1 | D43: =IF(A43="",NA(),D42+1) -> #N/A
... A71: =IF(EXP_MATRIX!B71="","",EXP_MATRIX!B71) | B71: =IF(A71="",NA(),A71) -> #N/A | C71: 1 | D71: =IF(A71="",NA(),D70+1) -> #N/A

Sheet MODEL_CORRELATION
C1: Orthogonality | F1: =MAX(0,MDETERM(OFFSET(C5,0,0,COUNT(C5:AA5),COUNT(C5:AA5)))) -> 1 | K1: Loss of orthogonality | O1: =1-F1 -> 0 | AB1: The correlation matrix for the components of the model shall be the identity matrix for orthogonal designs. Double-check your design if this is not the case. Any non-diagonal element above 0,5 (in absolute value) may lead to misinterpretation of the results.
C2: (as determinant of the correlation matrix)
C3: =IF(C4="","",ADDRESS(2,COLUMN(),,,"MODEL_MATRIX")&":"&ADDRESS(71,COLUMN())) -> MODEL_MATRIX!$C$2:$C$71 | D3: =IF(D4="","",ADDRESS(2,COLUMN(),,,"MODEL_MATRIX")&":"&ADDRESS(71,COLUMN())) -> MODEL_MATRIX!$D$2:$D$71 | E3: =IF(E4="","",ADDRESS(2,COLUMN(),,,"MODEL_MATRIX")&":"&ADDRESS(71,COLUMN())) -> MODEL_MATRIX!$E$2:$E$71 | F3: =IF(F4="","",ADDRESS(2,COLUMN(),,,"MODEL_MATRIX")&":"&ADDRESS(71,COLUMN())) -> MODEL_MATRIX!$F$2:$F$71 | G3: =IF(G4="","",ADDRESS(2,COLUMN(),,,"MODEL_MATRIX")&":"&ADDRESS(71,COLUMN())) -> MODEL_MATRIX!$G$2:$G$71 | H3: =IF(H4="","",ADDRESS(2,COLUMN(),,,"MODEL_MATRIX")&":"&ADDRESS(71,COLUMN())) | I3: =IF(I4="","",ADDRESS(2,COLUMN(),,,"MODEL_MATRIX")&":"&ADDRESS(71,COLUMN())) | J3: =IF(J4="","",ADDRESS(2,COLUMN(),,,"MODEL_MATRIX")&":"&ADDRESS(71,COLUMN())) | ... AA3: =IF(AA4="","",ADDRESS(2,COLUMN(),,,"MODEL_MATRIX")&":"&ADDRESS(71,COLUMN()))
C4: =IF(MODEL_MATRIX!C1="","",MODEL_MATRIX!C1) -> A | D4: =IF(MODEL_MATRIX!D1="","",MODEL_MATRIX!D1) -> C | E4: =IF(MODEL_MATRIX!E1="","",MODEL_MATRIX!E1) -> E | F4: =IF(MODEL_MATRIX!F1="","",MODEL_MATRIX!F1) -> AC | G4: =IF(MODEL_MATRIX!G1="","",MODEL_MATRIX!G1) -> AE | H4: =IF(MODEL_MATRIX!H1="","",MODEL_MATRIX!H1) | I4: =IF(MODEL_MATRIX!I1="","",MODEL_MATRIX!I1) | J4: =IF(MODEL_MATRIX!J1="","",MODEL_MATRIX!J1) | ... AA4: =IF(MODEL_MATRIX!AA1="","",MODEL_MATRIX!AA1)
A5: =IF(B5="","",ADDRESS(2,ROW()-2,,,"MODEL_MATRIX")&":"&ADDRESS(71,ROW()-2)) -> MODEL_MATRIX!$C$2:$C$71 | B5: {=TRANSPOSE(C4:AA4)} -> A | C5: =IFERROR(CORREL(INDIRECT($A5),INDIRECT(C$3)),IF(AND(C$4<>"",$B5<>""),99,"")) -> 1 | D5: =IFERROR(CORREL(INDIRECT($A5),INDIRECT(D$3)),IF(AND(D$4<>"",$B5<>""),99,"")) -> 0 | E5: =IFERROR(CORREL(INDIRECT($A5),INDIRECT(E$3)),IF(AND(E$4<>"",$B5<>""),99,"")) -> 0 | F5: =IFERROR(CORREL(INDIRECT($A5),INDIRECT(F$3)),IF(AND(F$4<>"",$B5<>""),99,"")) -> 0 | G5: =IFERROR(CORREL(INDIRECT($A5),INDIRECT(G$3)),IF(AND(G$4<>"",$B5<>""),99,"")) -> 0 | H5: =IFERROR(CORREL(INDIRECT($A5),INDIRECT(H$3)),IF(AND(H$4<>"",$B5<>""),99,"")) | I5: =IFERROR(CORREL(INDIRECT($A5),INDIRECT(I$3)),IF(AND(I$4<>"",$B5<>""),99,"")) | J5: =IFERROR(CORREL(INDIRECT($A5),INDIRECT(J$3)),IF(AND(J$4<>"",$B5<>""),99,"")) | ... AA5: =IFERROR(CORREL(INDIRECT($A5),INDIRECT(AA$3)),IF(AND(AA$4<>"",$B5<>""),99,""))
A6: =IF(B6="","",ADDRESS(2,ROW()-2,,,"MODEL_MATRIX")&":"&ADDRESS(71,ROW()-2)) -> MODEL_MATRIX!$D$2:$D$71 | B6: C | C6: =IFERROR(CORREL(INDIRECT($A6),INDIRECT(C$3)),IF(AND(C$4<>"",$B6<>""),99,"")) -> 0 | D6: =IFERROR(CORREL(INDIRECT($A6),INDIRECT(D$3)),IF(AND(D$4<>"",$B6<>""),99,"")) -> 1 | E6: =IFERROR(CORREL(INDIRECT($A6),INDIRECT(E$3)),IF(AND(E$4<>"",$B6<>""),99,"")) -> 0 | F6: =IFERROR(CORREL(INDIRECT($A6),INDIRECT(F$3)),IF(AND(F$4<>"",$B6<>""),99,"")) -> 0 | G6: =IFERROR(CORREL(INDIRECT($A6),INDIRECT(G$3)),IF(AND(G$4<>"",$B6<>""),99,"")) -> 0 | H6: =IFERROR(CORREL(INDIRECT($A6),INDIRECT(H$3)),IF(AND(H$4<>"",$B6<>""),99,"")) | I6: =IFERROR(CORREL(INDIRECT($A6),INDIRECT(I$3)),IF(AND(I$4<>"",$B6<>""),99,"")) | J6: =IFERROR(CORREL(INDIRECT($A6),INDIRECT(J$3)),IF(AND(J$4<>"",$B6<>""),99,"")) | ... AA6: =IFERROR(CORREL(INDIRECT($A6),INDIRECT(AA$3)),IF(AND(AA$4<>"",$B6<>""),99,""))
A7: =IF(B7="","",ADDRESS(2,ROW()-2,,,"MODEL_MATRIX")&":"&ADDRESS(71,ROW()-2)) -> MODEL_MATRIX!$E$2:$E$71 | B7: E | C7: =IFERROR(CORREL(INDIRECT($A7),INDIRECT(C$3)),IF(AND(C$4<>"",$B7<>""),99,"")) -> 0 | D7: =IFERROR(CORREL(INDIRECT($A7),INDIRECT(D$3)),IF(AND(D$4<>"",$B7<>""),99,"")) -> 0 | E7: =IFERROR(CORREL(INDIRECT($A7),INDIRECT(E$3)),IF(AND(E$4<>"",$B7<>""),99,"")) -> 1 | F7: =IFERROR(CORREL(INDIRECT($A7),INDIRECT(F$3)),IF(AND(F$4<>"",$B7<>""),99,"")) -> 0 | G7: =IFERROR(CORREL(INDIRECT($A7),INDIRECT(G$3)),IF(AND(G$4<>"",$B7<>""),99,"")) -> 0 | H7: =IFERROR(CORREL(INDIRECT($A7),INDIRECT(H$3)),IF(AND(H$4<>"",$B7<>""),99,"")) | I7: =IFERROR(CORREL(INDIRECT($A7),INDIRECT(I$3)),IF(AND(I$4<>"",$B7<>""),99,"")) | J7: =IFERROR(CORREL(INDIRECT($A7),INDIRECT(J$3)),IF(AND(J$4<>"",$B7<>""),99,"")) | ... AA7: =IFERROR(CORREL(INDIRECT($A7),INDIRECT(AA$3)),IF(AND(AA$4<>"",$B7<>""),99,""))
A8: =IF(B8="","",ADDRESS(2,ROW()-2,,,"MODEL_MATRIX")&":"&ADDRESS(71,ROW()-2)) -> MODEL_MATRIX!$F$2:$F$71 | B8: AC | C8: =IFERROR(CORREL(INDIRECT($A8),INDIRECT(C$3)),IF(AND(C$4<>"",$B8<>""),99,"")) -> 0 | D8: =IFERROR(CORREL(INDIRECT($A8),INDIRECT(D$3)),IF(AND(D$4<>"",$B8<>""),99,"")) -> 0 | E8: =IFERROR(CORREL(INDIRECT($A8),INDIRECT(E$3)),IF(AND(E$4<>"",$B8<>""),99,"")) -> 0 | F8: =IFERROR(CORREL(INDIRECT($A8),INDIRECT(F$3)),IF(AND(F$4<>"",$B8<>""),99,"")) -> 1 | G8: =IFERROR(CORREL(INDIRECT($A8),INDIRECT(G$3)),IF(AND(G$4<>"",$B8<>""),99,"")) -> 0 | H8: =IFERROR(CORREL(INDIRECT($A8),INDIRECT(H$3)),IF(AND(H$4<>"",$B8<>""),99,"")) | I8: =IFERROR(CORREL(INDIRECT($A8),INDIRECT(I$3)),IF(AND(I$4<>"",$B8<>""),99,"")) | J8: =IFERROR(CORREL(INDIRECT($A8),INDIRECT(J$3)),IF(AND(J$4<>"",$B8<>""),99,"")) | ... AA8: =IFERROR(CORREL(INDIRECT($A8),INDIRECT(AA$3)),IF(AND(AA$4<>"",$B8<>""),99,""))
A9: =IF(B9="","",ADDRESS(2,ROW()-2,,,"MODEL_MATRIX")&":"&ADDRESS(71,ROW()-2)) -> MODEL_MATRIX!$G$2:$G$71 | B9: AE | C9: =IFERROR(CORREL(INDIRECT($A9),INDIRECT(C$3)),IF(AND(C$4<>"",$B9<>""),99,"")) -> 0 | D9: =IFERROR(CORREL(INDIRECT($A9),INDIRECT(D$3)),IF(AND(D$4<>"",$B9<>""),99,"")) -> 0 | E9: =IFERROR(CORREL(INDIRECT($A9),INDIRECT(E$3)),IF(AND(E$4<>"",$B9<>""),99,"")) -> 0 | F9: =IFERROR(CORREL(INDIRECT($A9),INDIRECT(F$3)),IF(AND(F$4<>"",$B9<>""),99,"")) -> 0 | G9: =IFERROR(CORREL(INDIRECT($A9),INDIRECT(G$3)),IF(AND(G$4<>"",$B9<>""),99,"")) -> 1 | H9: =IFERROR(CORREL(INDIRECT($A9),INDIRECT(H$3)),IF(AND(H$4<>"",$B9<>""),99,"")) | I9: =IFERROR(CORREL(INDIRECT($A9),INDIRECT(I$3)),IF(AND(I$4<>"",$B9<>""),99,"")) | J9: =IFERROR(CORREL(INDIRECT($A9),INDIRECT(J$3)),IF(AND(J$4<>"",$B9<>""),99,"")) | ... AA9: =IFERROR(CORREL(INDIRECT($A9),INDIRECT(AA$3)),IF(AND(AA$4<>"",$B9<>""),99,""))
A10: =IF(B10="","",ADDRESS(2,ROW()-2,,,"MODEL_MATRIX")&":"&ADDRESS(71,ROW()-2)) | C10: =IFERROR(CORREL(INDIRECT($A10),INDIRECT(C$3)),IF(AND(C$4<>"",$B10<>""),99,"")) | D10: =IFERROR(CORREL(INDIRECT($A10),INDIRECT(D$3)),IF(AND(D$4<>"",$B10<>""),99,"")) | E10: =IFERROR(CORREL(INDIRECT($A10),INDIRECT(E$3)),IF(AND(E$4<>"",$B10<>""),99,"")) | F10: =IFERROR(CORREL(INDIRECT($A10),INDIRECT(F$3)),IF(AND(F$4<>"",$B10<>""),99,"")) | G10: =IFERROR(CORREL(INDIRECT($A10),INDIRECT(G$3)),IF(AND(G$4<>"",$B10<>""),99,"")) | H10: =IFERROR(CORREL(INDIRECT($A10),INDIRECT(H$3)),IF(AND(H$4<>"",$B10<>""),99,"")) | I10: =IFERROR(CORREL(INDIRECT($A10),INDIRECT(I$3)),IF(AND(I$4<>"",$B10<>""),99,"")) | J10: =IFERROR(CORREL(INDIRECT($A10),INDIRECT(J$3)),IF(AND(J$4<>"",$B10<>""),99,"")) | ... AA10: =IFERROR(CORREL(INDIRECT($A10),INDIRECT(AA$3)),IF(AND(AA$4<>"",$B10<>""),99,""))
A11: =IF(B11="","",ADDRESS(2,ROW()-2,,,"MODEL_MATRIX")&":"&ADDRESS(71,ROW()-2)) | C11: =IFERROR(CORREL(INDIRECT($A11),INDIRECT(C$3)),IF(AND(C$4<>"",$B11<>""),99,"")) | D11: =IFERROR(CORREL(INDIRECT($A11),INDIRECT(D$3)),IF(AND(D$4<>"",$B11<>""),99,"")) | E11: =IFERROR(CORREL(INDIRECT($A11),INDIRECT(E$3)),IF(AND(E$4<>"",$B11<>""),99,"")) | F11: =IFERROR(CORREL(INDIRECT($A11),INDIRECT(F$3)),IF(AND(F$4<>"",$B11<>""),99,"")) | G11: =IFERROR(CORREL(INDIRECT($A11),INDIRECT(G$3)),IF(AND(G$4<>"",$B11<>""),99,"")) | H11: =IFERROR(CORREL(INDIRECT($A11),INDIRECT(H$3)),IF(AND(H$4<>"",$B11<>""),99,"")) | I11: =IFERROR(CORREL(INDIRECT($A11),INDIRECT(I$3)),IF(AND(I$4<>"",$B11<>""),99,"")) | J11: =IFERROR(CORREL(INDIRECT($A11),INDIRECT(J$3)),IF(AND(J$4<>"",$B11<>""),99,"")) | ... AA11: =IFERROR(CORREL(INDIRECT($A11),INDIRECT(AA$3)),IF(AND(AA$4<>"",$B11<>""),99,""))
A12: =IF(B12="","",ADDRESS(2,ROW()-2,,,"MODEL_MATRIX")&":"&ADDRESS(71,ROW()-2)) | C12: =IFERROR(CORREL(INDIRECT($A12),INDIRECT(C$3)),IF(AND(C$4<>"",$B12<>""),99,"")) | D12: =IFERROR(CORREL(INDIRECT($A12),INDIRECT(D$3)),IF(AND(D$4<>"",$B12<>""),99,"")) | E12: =IFERROR(CORREL(INDIRECT($A12),INDIRECT(E$3)),IF(AND(E$4<>"",$B12<>""),99,"")) | F12: =IFERROR(CORREL(INDIRECT($A12),INDIRECT(F$3)),IF(AND(F$4<>"",$B12<>""),99,"")) | G12: =IFERROR(CORREL(INDIRECT($A12),INDIRECT(G$3)),IF(AND(G$4<>"",$B12<>""),99,"")) | H12: =IFERROR(CORREL(INDIRECT($A12),INDIRECT(H$3)),IF(AND(H$4<>"",$B12<>""),99,"")) | I12: =IFERROR(CORREL(INDIRECT($A12),INDIRECT(I$3)),IF(AND(I$4<>"",$B12<>""),99,"")) | J12: =IFERROR(CORREL(INDIRECT($A12),INDIRECT(J$3)),IF(AND(J$4<>"",$B12<>""),99,"")) | ... AA12: =IFERROR(CORREL(INDIRECT($A12),INDIRECT(AA$3)),IF(AND(AA$4<>"",$B12<>""),99,""))
A13: =IF(B13="","",ADDRESS(2,ROW()-2,,,"MODEL_MATRIX")&":"&ADDRESS(71,ROW()-2)) | C13: =IFERROR(CORREL(INDIRECT($A13),INDIRECT(C$3)),IF(AND(C$4<>"",$B13<>""),99,"")) | D13: =IFERROR(CORREL(INDIRECT($A13),INDIRECT(D$3)),IF(AND(D$4<>"",$B13<>""),99,"")) | E13: =IFERROR(CORREL(INDIRECT($A13),INDIRECT(E$3)),IF(AND(E$4<>"",$B13<>""),99,"")) | F13: =IFERROR(CORREL(INDIRECT($A13),INDIRECT(F$3)),IF(AND(F$4<>"",$B13<>""),99,"")) | G13: =IFERROR(CORREL(INDIRECT($A13),INDIRECT(G$3)),IF(AND(G$4<>"",$B13<>""),99,"")) | H13: =IFERROR(CORREL(INDIRECT($A13),INDIRECT(H$3)),IF(AND(H$4<>"",$B13<>""),99,"")) | I13: =IFERROR(CORREL(INDIRECT($A13),INDIRECT(I$3)),IF(AND(I$4<>"",$B13<>""),99,"")) | J13: =IFERROR(CORREL(INDIRECT($A13),INDIRECT(J$3)),IF(AND(J$4<>"",$B13<>""),99,"")) | ... AA13: =IFERROR(CORREL(INDIRECT($A13),INDIRECT(AA$3)),IF(AND(AA$4<>"",$B13<>""),99,""))
A14: =IF(B14="","",ADDRESS(2,ROW()-2,,,"MODEL_MATRIX")&":"&ADDRESS(71,ROW()-2)) | C14: =IFERROR(CORREL(INDIRECT($A14),INDIRECT(C$3)),IF(AND(C$4<>"",$B14<>""),99,"")) | D14: =IFERROR(CORREL(INDIRECT($A14),INDIRECT(D$3)),IF(AND(D$4<>"",$B14<>""),99,"")) | E14: =IFERROR(CORREL(INDIRECT($A14),INDIRECT(E$3)),IF(AND(E$4<>"",$B14<>""),99,"")) | F14: =IFERROR(CORREL(INDIRECT($A14),INDIRECT(F$3)),IF(AND(F$4<>"",$B14<>""),99,"")) | G14: =IFERROR(CORREL(INDIRECT($A14),INDIRECT(G$3)),IF(AND(G$4<>"",$B14<>""),99,"")) | H14: =IFERROR(CORREL(INDIRECT($A14),INDIRECT(H$3)),IF(AND(H$4<>"",$B14<>""),99,"")) | I14: =IFERROR(CORREL(INDIRECT($A14),INDIRECT(I$3)),IF(AND(I$4<>"",$B14<>""),99,"")) | J14: =IFERROR(CORREL(INDIRECT($A14),INDIRECT(J$3)),IF(AND(J$4<>"",$B14<>""),99,"")) | ... AA14: =IFERROR(CORREL(INDIRECT($A14),INDIRECT(AA$3)),IF(AND(AA$4<>"",$B14<>""),99,""))
A15: =IF(B15="","",ADDRESS(2,ROW()-2,,,"MODEL_MATRIX")&":"&ADDRESS(71,ROW()-2)) | C15: =IFERROR(CORREL(INDIRECT($A15),INDIRECT(C$3)),IF(AND(C$4<>"",$B15<>""),99,"")) | D15: =IFERROR(CORREL(INDIRECT($A15),INDIRECT(D$3)),IF(AND(D$4<>"",$B15<>""),99,"")) | E15: =IFERROR(CORREL(INDIRECT($A15),INDIRECT(E$3)),IF(AND(E$4<>"",$B15<>""),99,"")) | F15: =IFERROR(CORREL(INDIRECT($A15),INDIRECT(F$3)),IF(AND(F$4<>"",$B15<>""),99,"")) | G15: =IFERROR(CORREL(INDIRECT($A15),INDIRECT(G$3)),IF(AND(G$4<>"",$B15<>""),99,"")) | H15: =IFERROR(CORREL(INDIRECT($A15),INDIRECT(H$3)),IF(AND(H$4<>"",$B15<>""),99,"")) | I15: =IFERROR(CORREL(INDIRECT($A15),INDIRECT(I$3)),IF(AND(I$4<>"",$B15<>""),99,"")) | J15: =IFERROR(CORREL(INDIRECT($A15),INDIRECT(J$3)),IF(AND(J$4<>"",$B15<>""),99,"")) | ... AA15: =IFERROR(CORREL(INDIRECT($A15),INDIRECT(AA$3)),IF(AND(AA$4<>"",$B15<>""),99,""))
A16: =IF(B16="","",ADDRESS(2,ROW()-2,,,"MODEL_MATRIX")&":"&ADDRESS(71,ROW()-2)) | C16: =IFERROR(CORREL(INDIRECT($A16),INDIRECT(C$3)),IF(AND(C$4<>"",$B16<>""),99,"")) | D16: =IFERROR(CORREL(INDIRECT($A16),INDIRECT(D$3)),IF(AND(D$4<>"",$B16<>""),99,"")) | E16: =IFERROR(CORREL(INDIRECT($A16),INDIRECT(E$3)),IF(AND(E$4<>"",$B16<>""),99,"")) | F16: =IFERROR(CORREL(INDIRECT($A16),INDIRECT(F$3)),IF(AND(F$4<>"",$B16<>""),99,"")) | G16: =IFERROR(CORREL(INDIRECT($A16),INDIRECT(G$3)),IF(AND(G$4<>"",$B16<>""),99,"")) | H16: =IFERROR(CORREL(INDIRECT($A16),INDIRECT(H$3)),IF(AND(H$4<>"",$B16<>""),99,"")) | I16: =IFERROR(CORREL(INDIRECT($A16),INDIRECT(I$3)),IF(AND(I$4<>"",$B16<>""),99,"")) | J16: =IFERROR(CORREL(INDIRECT($A16),INDIRECT(J$3)),IF(AND(J$4<>"",$B16<>""),99,"")) | ... AA16: =IFERROR(CORREL(INDIRECT($A16),INDIRECT(AA$3)),IF(AND(AA$4<>"",$B16<>""),99,""))
A17: =IF(B17="","",ADDRESS(2,ROW()-2,,,"MODEL_MATRIX")&":"&ADDRESS(71,ROW()-2)) | C17: =IFERROR(CORREL(INDIRECT($A17),INDIRECT(C$3)),IF(AND(C$4<>"",$B17<>""),99,"")) | D17: =IFERROR(CORREL(INDIRECT($A17),INDIRECT(D$3)),IF(AND(D$4<>"",$B17<>""),99,"")) | E17: =IFERROR(CORREL(INDIRECT($A17),INDIRECT(E$3)),IF(AND(E$4<>"",$B17<>""),99,"")) | F17: =IFERROR(CORREL(INDIRECT($A17),INDIRECT(F$3)),IF(AND(F$4<>"",$B17<>""),99,"")) | G17: =IFERROR(CORREL(INDIRECT($A17),INDIRECT(G$3)),IF(AND(G$4<>"",$B17<>""),99,"")) | H17: =IFERROR(CORREL(INDIRECT($A17),INDIRECT(H$3)),IF(AND(H$4<>"",$B17<>""),99,"")) | I17: =IFERROR(CORREL(INDIRECT($A17),INDIRECT(I$3)),IF(AND(I$4<>"",$B17<>""),99,"")) | J17: =IFERROR(CORREL(INDIRECT($A17),INDIRECT(J$3)),IF(AND(J$4<>"",$B17<>""),99,"")) | ... AA17: =IFERROR(CORREL(INDIRECT($A17),INDIRECT(AA$3)),IF(AND(AA$4<>"",$B17<>""),99,""))
A18: =IF(B18="","",ADDRESS(2,ROW()-2,,,"MODEL_MATRIX")&":"&ADDRESS(71,ROW()-2)) | C18: =IFERROR(CORREL(INDIRECT($A18),INDIRECT(C$3)),IF(AND(C$4<>"",$B18<>""),99,"")) | D18: =IFERROR(CORREL(INDIRECT($A18),INDIRECT(D$3)),IF(AND(D$4<>"",$B18<>""),99,"")) | E18: =IFERROR(CORREL(INDIRECT($A18),INDIRECT(E$3)),IF(AND(E$4<>"",$B18<>""),99,"")) | F18: =IFERROR(CORREL(INDIRECT($A18),INDIRECT(F$3)),IF(AND(F$4<>"",$B18<>""),99,"")) | G18: =IFERROR(CORREL(INDIRECT($A18),INDIRECT(G$3)),IF(AND(G$4<>"",$B18<>""),99,"")) | H18: =IFERROR(CORREL(INDIRECT($A18),INDIRECT(H$3)),IF(AND(H$4<>"",$B18<>""),99,"")) | I18: =IFERROR(CORREL(INDIRECT($A18),INDIRECT(I$3)),IF(AND(I$4<>"",$B18<>""),99,"")) | J18: =IFERROR(CORREL(INDIRECT($A18),INDIRECT(J$3)),IF(AND(J$4<>"",$B18<>""),99,"")) | ... AA18: =IFERROR(CORREL(INDIRECT($A18),INDIRECT(AA$3)),IF(AND(AA$4<>"",$B18<>""),99,""))
A19: =IF(B19="","",ADDRESS(2,ROW()-2,,,"MODEL_MATRIX")&":"&ADDRESS(71,ROW()-2)) | C19: =IFERROR(CORREL(INDIRECT($A19),INDIRECT(C$3)),IF(AND(C$4<>"",$B19<>""),99,"")) | D19: =IFERROR(CORREL(INDIRECT($A19),INDIRECT(D$3)),IF(AND(D$4<>"",$B19<>""),99,"")) | E19: =IFERROR(CORREL(INDIRECT($A19),INDIRECT(E$3)),IF(AND(E$4<>"",$B19<>""),99,"")) | F19: =IFERROR(CORREL(INDIRECT($A19),INDIRECT(F$3)),IF(AND(F$4<>"",$B19<>""),99,"")) | G19: =IFERROR(CORREL(INDIRECT($A19),INDIRECT(G$3)),IF(AND(G$4<>"",$B19<>""),99,"")) | H19: =IFERROR(CORREL(INDIRECT($A19),INDIRECT(H$3)),IF(AND(H$4<>"",$B19<>""),99,"")) | I19: =IFERROR(CORREL(INDIRECT($A19),INDIRECT(I$3)),IF(AND(I$4<>"",$B19<>""),99,"")) | J19: =IFERROR(CORREL(INDIRECT($A19),INDIRECT(J$3)),IF(AND(J$4<>"",$B19<>""),99,"")) | ... AA19: =IFERROR(CORREL(INDIRECT($A19),INDIRECT(AA$3)),IF(AND(AA$4<>"",$B19<>""),99,""))
A20: =IF(B20="","",ADDRESS(2,ROW()-2,,,"MODEL_MATRIX")&":"&ADDRESS(71,ROW()-2)) | C20: =IFERROR(CORREL(INDIRECT($A20),INDIRECT(C$3)),IF(AND(C$4<>"",$B20<>""),99,"")) | D20: =IFERROR(CORREL(INDIRECT($A20),INDIRECT(D$3)),IF(AND(D$4<>"",$B20<>""),99,"")) | E20: =IFERROR(CORREL(INDIRECT($A20),INDIRECT(E$3)),IF(AND(E$4<>"",$B20<>""),99,"")) | F20: =IFERROR(CORREL(INDIRECT($A20),INDIRECT(F$3)),IF(AND(F$4<>"",$B20<>""),99,"")) | G20: =IFERROR(CORREL(INDIRECT($A20),INDIRECT(G$3)),IF(AND(G$4<>"",$B20<>""),99,"")) | H20: =IFERROR(CORREL(INDIRECT($A20),INDIRECT(H$3)),IF(AND(H$4<>"",$B20<>""),99,"")) | I20: =IFERROR(CORREL(INDIRECT($A20),INDIRECT(I$3)),IF(AND(I$4<>"",$B20<>""),99,"")) | J20: =IFERROR(CORREL(INDIRECT($A20),INDIRECT(J$3)),IF(AND(J$4<>"",$B20<>""),99,"")) | ... AA20: =IFERROR(CORREL(INDIRECT($A20),INDIRECT(AA$3)),IF(AND(AA$4<>"",$B20<>""),99,""))
A21: =IF(B21="","",ADDRESS(2,ROW()-2,,,"MODEL_MATRIX")&":"&ADDRESS(71,ROW()-2)) | C21: =IFERROR(CORREL(INDIRECT($A21),INDIRECT(C$3)),IF(AND(C$4<>"",$B21<>""),99,"")) | D21: =IFERROR(CORREL(INDIRECT($A21),INDIRECT(D$3)),IF(AND(D$4<>"",$B21<>""),99,"")) | E21: =IFERROR(CORREL(INDIRECT($A21),INDIRECT(E$3)),IF(AND(E$4<>"",$B21<>""),99,"")) | F21: =IFERROR(CORREL(INDIRECT($A21),INDIRECT(F$3)),IF(AND(F$4<>"",$B21<>""),99,"")) | G21: =IFERROR(CORREL(INDIRECT($A21),INDIRECT(G$3)),IF(AND(G$4<>"",$B21<>""),99,"")) | H21: =IFERROR(CORREL(INDIRECT($A21),INDIRECT(H$3)),IF(AND(H$4<>"",$B21<>""),99,"")) | I21: =IFERROR(CORREL(INDIRECT($A21),INDIRECT(I$3)),IF(AND(I$4<>"",$B21<>""),99,"")) | J21: =IFERROR(CORREL(INDIRECT($A21),INDIRECT(J$3)),IF(AND(J$4<>"",$B21<>""),99,"")) | ... AA21: =IFERROR(CORREL(INDIRECT($A21),INDIRECT(AA$3)),IF(AND(AA$4<>"",$B21<>""),99,""))
... A29: =IF(B29="","",ADDRESS(2,ROW()-2,,,"MODEL_MATRIX")&":"&ADDRESS(71,ROW()-2)) | C29: =IFERROR(CORREL(INDIRECT($A29),INDIRECT(C$3)),IF(AND(C$4<>"",$B29<>""),99,"")) | D29: =IFERROR(CORREL(INDIRECT($A29),INDIRECT(D$3)),IF(AND(D$4<>"",$B29<>""),99,"")) | E29: =IFERROR(CORREL(INDIRECT($A29),INDIRECT(E$3)),IF(AND(E$4<>"",$B29<>""),99,"")) | F29: =IFERROR(CORREL(INDIRECT($A29),INDIRECT(F$3)),IF(AND(F$4<>"",$B29<>""),99,"")) | G29: =IFERROR(CORREL(INDIRECT($A29),INDIRECT(G$3)),IF(AND(G$4<>"",$B29<>""),99,"")) | H29: =IFERROR(CORREL(INDIRECT($A29),INDIRECT(H$3)),IF(AND(H$4<>"",$B29<>""),99,"")) | I29: =IFERROR(CORREL(INDIRECT($A29),INDIRECT(I$3)),IF(AND(I$4<>"",$B29<>""),99,"")) | J29: =IFERROR(CORREL(INDIRECT($A29),INDIRECT(J$3)),IF(AND(J$4<>"",$B29<>""),99,"")) | ... AA29: =IFERROR(CORREL(INDIRECT($A29),INDIRECT(AA$3)),IF(AND(AA$4<>"",$B29<>""),99,""))

Sheet MODEL_PARETO
A1: Variables | B1: Effects [Higher - Lower] | C1: Effects [Range] | D1: SS | E1: SS% | G1: =A1 -> Variables | H1: =B1 -> Effects [Higher - Lower] | I1: =C1 -> Effects [Range] | J1: =D1 -> SS | K1: =E1 -> SS% | L1: Effects + | M1: Effects - | O1: =G1 -> Variables | P1: =H1 -> Effects [Higher - Lower] | Q1: =I1 -> Effects [Range] | R1: =J1 -> SS | S1: =K1 -> SS% | T1: Cum SS%
A2: {=TRANSPOSE(MODEL!A49:Y49)} -> A | B2: {=TRANSPOSE(MODEL!A47:Y47)} -> -0.95248633 | C2: {=TRANSPOSE(MODEL!A48:Y48)} -> 0.95248633 | D2: {=TRANSPOSE(MODEL!A81:Y81)} -> 7.2578416 | E2: {=TRANSPOSE(MODEL!A80:Y80)} -> 0.094223632 | G2: {=_xlfn.SORTBY(OFFSET(A2,0,0,COUNT(B2:B26),5),OFFSET(C2,0,0,COUNT(B2:B26),1),-1)} -> C | H2: 2.1673851 | I2: 2.1673851 | J2: 37.580465 | K2: 0.48788166 | L2: =IF(H2="","",IF(H2<0,"",I2)) -> 2.1673851 | M2: =IF(H2="","",IF(H2>0,"",I2)) | O2: {=_xlfn.SORTBY(OFFSET(A2,0,0,COUNT(B2:B26),5),OFFSET(E2,0,0,COUNT(B2:B26),1),-1)} -> C | P2: 2.1673851 | Q2: 2.1673851 | R2: 37.580465 | S2: 0.48788166 | T2: =S2 -> 0.48788166
A3: C | B3: 2.1673851 | C3: 2.1673851 | D3: 37.580465 | E3: 0.48788166 | G3: A | H3: -0.95248633 | I3: 0.95248633 | J3: 7.2578416 | K3: 0.094223632 | L3: =IF(H3="","",IF(H3<0,"",I3)) | M3: =IF(H3="","",IF(H3>0,"",I3)) -> 0.95248633 | O3: A | P3: -0.95248633 | Q3: 0.95248633 | R3: 7.2578416 | S3: 0.094223632 | T3: =IF(S3="","",S3+T2) -> 0.58210529
A4: E | B4: 0.9359803 | C4: 0.9359803 | D4: 7.0084729 | E4: 0.090986247 | G4: E | H4: 0.9359803 | I4: 0.9359803 | J4: 7.0084729 | K4: 0.090986247 | L4: =IF(H4="","",IF(H4<0,"",I4)) -> 0.9359803 | M4: =IF(H4="","",IF(H4>0,"",I4)) | O4: E | P4: 0.9359803 | Q4: 0.9359803 | R4: 7.0084729 | S4: 0.090986247 | T4: =IF(S4="","",S4+T3) -> 0.67309154
A5: AC | B5: -0.71972811 | C5: 0.71972811 | D5: 4.1440684 | E5: 0.053799627 | G5: AE | H5: 0.83766711 | I5: 0.83766711 | J5: 5.6134895 | K5: 0.072876124 | L5: =IF(H5="","",IF(H5<0,"",I5)) -> 0.83766711 | M5: =IF(H5="","",IF(H5>0,"",I5)) | O5: AE | P5: 0.83766711 | Q5: 0.83766711 | R5: 5.6134895 | S5: 0.072876124 | T5: =IF(S5="","",S5+T4) -> 0.74596767
A6: AE | B6: 0.83766711 | C6: 0.83766711 | D6: 5.6134895 | E6: 0.072876124 | G6: AC | H6: -0.71972811 | I6: 0.71972811 | J6: 4.1440684 | K6: 0.053799627 | L6: =IF(H6="","",IF(H6<0,"",I6)) | M6: =IF(H6="","",IF(H6>0,"",I6)) -> 0.71972811 | O6: AC | P6: -0.71972811 | Q6: 0.71972811 | R6: 4.1440684 | S6: 0.053799627 | T6: =IF(S6="","",S6+T5) -> 0.79976729
L7: =IF(H7="","",IF(H7<0,"",I7)) | M7: =IF(H7="","",IF(H7>0,"",I7)) | T7: =IF(S7="","",S7+T6)
L8: =IF(H8="","",IF(H8<0,"",I8)) | M8: =IF(H8="","",IF(H8>0,"",I8)) | T8: =IF(S8="","",S8+T7)
L9: =IF(H9="","",IF(H9<0,"",I9)) | M9: =IF(H9="","",IF(H9>0,"",I9)) | T9: =IF(S9="","",S9+T8)
L10: =IF(H10="","",IF(H10<0,"",I10)) | M10: =IF(H10="","",IF(H10>0,"",I10)) | T10: =IF(S10="","",S10+T9)
L11: =IF(H11="","",IF(H11<0,"",I11)) | M11: =IF(H11="","",IF(H11>0,"",I11)) | T11: =IF(S11="","",S11+T10)
L12: =IF(H12="","",IF(H12<0,"",I12)) | M12: =IF(H12="","",IF(H12>0,"",I12)) | T12: =IF(S12="","",S12+T11)
L13: =IF(H13="","",IF(H13<0,"",I13)) | M13: =IF(H13="","",IF(H13>0,"",I13)) | T13: =IF(S13="","",S13+T12)
L14: =IF(H14="","",IF(H14<0,"",I14)) | M14: =IF(H14="","",IF(H14>0,"",I14)) | T14: =IF(S14="","",S14+T13)
L15: =IF(H15="","",IF(H15<0,"",I15)) | M15: =IF(H15="","",IF(H15>0,"",I15)) | T15: =IF(S15="","",S15+T14)
L16: =IF(H16="","",IF(H16<0,"",I16)) | M16: =IF(H16="","",IF(H16>0,"",I16)) | T16: =IF(S16="","",S16+T15)
L17: =IF(H17="","",IF(H17<0,"",I17)) | M17: =IF(H17="","",IF(H17>0,"",I17)) | T17: =IF(S17="","",S17+T16)
L18: =IF(H18="","",IF(H18<0,"",I18)) | M18: =IF(H18="","",IF(H18>0,"",I18)) | T18: =IF(S18="","",S18+T17)
... L26: =IF(H26="","",IF(H26<0,"",I26)) | M26: =IF(H26="","",IF(H26>0,"",I26)) | T26: =IF(S26="","",S26+T25)
A27: Pareto is used to select which components are of importance. Components with larger effects (in absolute value) should be included in the analysis and conclusions. When curve flatens down, we consider that components on the right are no longer important. Contributions are only valid if components are orthogonal. Common practice aims for an explained variability above 80% and tends to exclude interactions of non-relevant variables (if a factor is not important neither are their interactions).

Sheet MODEL_MAINEFFECTS
B1: =IF(LEN(MODEL!A15)<>1,"",MODEL!A15) -> A | C1: =IF(LEN(MODEL!B15)<>1,"",MODEL!B15) -> C | D1: =IF(LEN(MODEL!C15)<>1,"",MODEL!C15) -> E | E1: =IF(LEN(MODEL!D15)<>1,"",MODEL!D15) | F1: =IF(LEN(MODEL!E15)<>1,"",MODEL!E15) | G1: =IF(LEN(MODEL!F15)<>1,"",MODEL!F15) | H1: =IF(LEN(MODEL!G15)<>1,"",MODEL!G15) | I1: =IF(LEN(MODEL!H15)<>1,"",MODEL!H15) | ... Z1: =IF(LEN(MODEL!Y15)<>1,"",MODEL!Y15) | AR1: The steeper the slope, the greater the importance of the factor. Remember that relevant interaction should be analyzed in the first place.
B2: {=_xlfn._xlws.SORT(B1:Z1,,,TRUE)} | X2: A | Y2: C | Z2: E
B3: {=OFFSET(AA2,0,-LEN(_xlfn.CONCAT(B2:Z2)),1,LEN(_xlfn.CONCAT(B2:Z2)))} -> A | C3: C | D3: E
B4: =IF(B3="","",HLOOKUP(B3,MODEL!$A$13:$Y$14,2,0)) -> 2 | C4: =IF(C3="","",HLOOKUP(C3,MODEL!$A$13:$Y$14,2,0)) -> 2 | D4: =IF(D3="","",HLOOKUP(D3,MODEL!$A$13:$Y$14,2,0)) -> 2 | E4: =IF(E3="","",HLOOKUP(E3,MODEL!$A$13:$Y$14,2,0)) | F4: =IF(F3="","",HLOOKUP(F3,MODEL!$A$13:$Y$14,2,0)) | G4: =IF(G3="","",HLOOKUP(G3,MODEL!$A$13:$Y$14,2,0)) | H4: =IF(H3="","",HLOOKUP(H3,MODEL!$A$13:$Y$14,2,0)) | I4: =IF(I3="","",HLOOKUP(I3,MODEL!$A$13:$Y$14,2,0)) | ... Z4: =IF(Z3="","",HLOOKUP(Z3,MODEL!$A$13:$Y$14,2,0))
B5: =IF(B3="","",B3) -> A | C5: =IF(C3="","",C3) -> C | D5: =IF(D3="","",D3) -> E | E5: =IF(E3="","",E3) | F5: =IF(F3="","",F3) | G5: =IF(G3="","",G3) | H5: =IF(H3="","",H3) | I5: =IF(I3="","",I3) | ... Z5: =IF(Z3="","",Z3)
B6: =IF(OR(ROW()-ROW(A$4)>MAX(0,B$4)+1,B$4=""),NA(),HLOOKUP(B$5,MODEL!$A$15:$Y$24,ROW()-ROW(A$4),0)) -> -1 | C6: =IF(OR(ROW()-ROW(B$4)>MAX(0,C$4)+1,C$4=""),NA(),HLOOKUP(C$5,MODEL!$A$15:$Y$24,ROW()-ROW(B$4),0)) -> -1 | D6: =IF(OR(ROW()-ROW(C$4)>MAX(0,D$4)+1,D$4=""),NA(),HLOOKUP(D$5,MODEL!$A$15:$Y$24,ROW()-ROW(C$4),0)) -> -1 | E6: =IF(OR(ROW()-ROW(D$4)>MAX(0,E$4)+1,E$4=""),NA(),HLOOKUP(E$5,MODEL!$A$15:$Y$24,ROW()-ROW(D$4),0)) -> #N/A | F6: =IF(OR(ROW()-ROW(E$4)>MAX(0,F$4)+1,F$4=""),NA(),HLOOKUP(F$5,MODEL!$A$15:$Y$24,ROW()-ROW(E$4),0)) -> #N/A | G6: =IF(OR(ROW()-ROW(F$4)>MAX(0,G$4)+1,G$4=""),NA(),HLOOKUP(G$5,MODEL!$A$15:$Y$24,ROW()-ROW(F$4),0)) -> #N/A | H6: =IF(OR(ROW()-ROW(G$4)>MAX(0,H$4)+1,H$4=""),NA(),HLOOKUP(H$5,MODEL!$A$15:$Y$24,ROW()-ROW(G$4),0)) -> #N/A | I6: =IF(OR(ROW()-ROW(H$4)>MAX(0,I$4)+1,I$4=""),NA(),HLOOKUP(I$5,MODEL!$A$15:$Y$24,ROW()-ROW(H$4),0)) -> #N/A | ... Z6: =IF(OR(ROW()-ROW(Y$4)>MAX(0,Z$4)+1,Z$4=""),NA(),HLOOKUP(Z$5,MODEL!$A$15:$Y$24,ROW()-ROW(Y$4),0)) -> #N/A
B7: =IF(OR(ROW()-ROW(A$4)>MAX(0,B$4)+1,B$4=""),NA(),HLOOKUP(B$5,MODEL!$A$15:$Y$24,ROW()-ROW(A$4),0)) -> 1 | C7: =IF(OR(ROW()-ROW(B$4)>MAX(0,C$4)+1,C$4=""),NA(),HLOOKUP(C$5,MODEL!$A$15:$Y$24,ROW()-ROW(B$4),0)) -> 1 | D7: =IF(OR(ROW()-ROW(C$4)>MAX(0,D$4)+1,D$4=""),NA(),HLOOKUP(D$5,MODEL!$A$15:$Y$24,ROW()-ROW(C$4),0)) -> 1 | E7: =IF(OR(ROW()-ROW(D$4)>MAX(0,E$4)+1,E$4=""),NA(),HLOOKUP(E$5,MODEL!$A$15:$Y$24,ROW()-ROW(D$4),0)) -> #N/A | F7: =IF(OR(ROW()-ROW(E$4)>MAX(0,F$4)+1,F$4=""),NA(),HLOOKUP(F$5,MODEL!$A$15:$Y$24,ROW()-ROW(E$4),0)) -> #N/A | G7: =IF(OR(ROW()-ROW(F$4)>MAX(0,G$4)+1,G$4=""),NA(),HLOOKUP(G$5,MODEL!$A$15:$Y$24,ROW()-ROW(F$4),0)) -> #N/A | H7: =IF(OR(ROW()-ROW(G$4)>MAX(0,H$4)+1,H$4=""),NA(),HLOOKUP(H$5,MODEL!$A$15:$Y$24,ROW()-ROW(G$4),0)) -> #N/A | I7: =IF(OR(ROW()-ROW(H$4)>MAX(0,I$4)+1,I$4=""),NA(),HLOOKUP(I$5,MODEL!$A$15:$Y$24,ROW()-ROW(H$4),0)) -> #N/A | ... Z7: =IF(OR(ROW()-ROW(Y$4)>MAX(0,Z$4)+1,Z$4=""),NA(),HLOOKUP(Z$5,MODEL!$A$15:$Y$24,ROW()-ROW(Y$4),0)) -> #N/A
B8: =IF(OR(ROW()-ROW(A$4)>MAX(0,B$4)+1,B$4=""),NA(),HLOOKUP(B$5,MODEL!$A$15:$Y$24,ROW()-ROW(A$4),0)) -> #N/A | C8: =IF(OR(ROW()-ROW(B$4)>MAX(0,C$4)+1,C$4=""),NA(),HLOOKUP(C$5,MODEL!$A$15:$Y$24,ROW()-ROW(B$4),0)) -> #N/A | D8: =IF(OR(ROW()-ROW(C$4)>MAX(0,D$4)+1,D$4=""),NA(),HLOOKUP(D$5,MODEL!$A$15:$Y$24,ROW()-ROW(C$4),0)) -> #N/A | E8: =IF(OR(ROW()-ROW(D$4)>MAX(0,E$4)+1,E$4=""),NA(),HLOOKUP(E$5,MODEL!$A$15:$Y$24,ROW()-ROW(D$4),0)) -> #N/A | F8: =IF(OR(ROW()-ROW(E$4)>MAX(0,F$4)+1,F$4=""),NA(),HLOOKUP(F$5,MODEL!$A$15:$Y$24,ROW()-ROW(E$4),0)) -> #N/A | G8: =IF(OR(ROW()-ROW(F$4)>MAX(0,G$4)+1,G$4=""),NA(),HLOOKUP(G$5,MODEL!$A$15:$Y$24,ROW()-ROW(F$4),0)) -> #N/A | H8: =IF(OR(ROW()-ROW(G$4)>MAX(0,H$4)+1,H$4=""),NA(),HLOOKUP(H$5,MODEL!$A$15:$Y$24,ROW()-ROW(G$4),0)) -> #N/A | I8: =IF(OR(ROW()-ROW(H$4)>MAX(0,I$4)+1,I$4=""),NA(),HLOOKUP(I$5,MODEL!$A$15:$Y$24,ROW()-ROW(H$4),0)) -> #N/A | ... Z8: =IF(OR(ROW()-ROW(Y$4)>MAX(0,Z$4)+1,Z$4=""),NA(),HLOOKUP(Z$5,MODEL!$A$15:$Y$24,ROW()-ROW(Y$4),0)) -> #N/A
B9: =IF(OR(ROW()-ROW(A$4)>MAX(0,B$4)+1,B$4=""),NA(),HLOOKUP(B$5,MODEL!$A$15:$Y$24,ROW()-ROW(A$4),0)) -> #N/A | C9: =IF(OR(ROW()-ROW(B$4)>MAX(0,C$4)+1,C$4=""),NA(),HLOOKUP(C$5,MODEL!$A$15:$Y$24,ROW()-ROW(B$4),0)) -> #N/A | D9: =IF(OR(ROW()-ROW(C$4)>MAX(0,D$4)+1,D$4=""),NA(),HLOOKUP(D$5,MODEL!$A$15:$Y$24,ROW()-ROW(C$4),0)) -> #N/A | E9: =IF(OR(ROW()-ROW(D$4)>MAX(0,E$4)+1,E$4=""),NA(),HLOOKUP(E$5,MODEL!$A$15:$Y$24,ROW()-ROW(D$4),0)) -> #N/A | F9: =IF(OR(ROW()-ROW(E$4)>MAX(0,F$4)+1,F$4=""),NA(),HLOOKUP(F$5,MODEL!$A$15:$Y$24,ROW()-ROW(E$4),0)) -> #N/A | G9: =IF(OR(ROW()-ROW(F$4)>MAX(0,G$4)+1,G$4=""),NA(),HLOOKUP(G$5,MODEL!$A$15:$Y$24,ROW()-ROW(F$4),0)) -> #N/A | H9: =IF(OR(ROW()-ROW(G$4)>MAX(0,H$4)+1,H$4=""),NA(),HLOOKUP(H$5,MODEL!$A$15:$Y$24,ROW()-ROW(G$4),0)) -> #N/A | I9: =IF(OR(ROW()-ROW(H$4)>MAX(0,I$4)+1,I$4=""),NA(),HLOOKUP(I$5,MODEL!$A$15:$Y$24,ROW()-ROW(H$4),0)) -> #N/A | ... Z9: =IF(OR(ROW()-ROW(Y$4)>MAX(0,Z$4)+1,Z$4=""),NA(),HLOOKUP(Z$5,MODEL!$A$15:$Y$24,ROW()-ROW(Y$4),0)) -> #N/A
B10: =IF(OR(ROW()-ROW(A$4)>MAX(0,B$4)+1,B$4=""),NA(),HLOOKUP(B$5,MODEL!$A$15:$Y$24,ROW()-ROW(A$4),0)) -> #N/A | C10: =IF(OR(ROW()-ROW(B$4)>MAX(0,C$4)+1,C$4=""),NA(),HLOOKUP(C$5,MODEL!$A$15:$Y$24,ROW()-ROW(B$4),0)) -> #N/A | D10: =IF(OR(ROW()-ROW(C$4)>MAX(0,D$4)+1,D$4=""),NA(),HLOOKUP(D$5,MODEL!$A$15:$Y$24,ROW()-ROW(C$4),0)) -> #N/A | E10: =IF(OR(ROW()-ROW(D$4)>MAX(0,E$4)+1,E$4=""),NA(),HLOOKUP(E$5,MODEL!$A$15:$Y$24,ROW()-ROW(D$4),0)) -> #N/A | F10: =IF(OR(ROW()-ROW(E$4)>MAX(0,F$4)+1,F$4=""),NA(),HLOOKUP(F$5,MODEL!$A$15:$Y$24,ROW()-ROW(E$4),0)) -> #N/A | G10: =IF(OR(ROW()-ROW(F$4)>MAX(0,G$4)+1,G$4=""),NA(),HLOOKUP(G$5,MODEL!$A$15:$Y$24,ROW()-ROW(F$4),0)) -> #N/A | H10: =IF(OR(ROW()-ROW(G$4)>MAX(0,H$4)+1,H$4=""),NA(),HLOOKUP(H$5,MODEL!$A$15:$Y$24,ROW()-ROW(G$4),0)) -> #N/A | I10: =IF(OR(ROW()-ROW(H$4)>MAX(0,I$4)+1,I$4=""),NA(),HLOOKUP(I$5,MODEL!$A$15:$Y$24,ROW()-ROW(H$4),0)) -> #N/A | ... Z10: =IF(OR(ROW()-ROW(Y$4)>MAX(0,Z$4)+1,Z$4=""),NA(),HLOOKUP(Z$5,MODEL!$A$15:$Y$24,ROW()-ROW(Y$4),0)) -> #N/A
B11: =IF(OR(ROW()-ROW(A$4)>MAX(0,B$4)+1,B$4=""),NA(),HLOOKUP(B$5,MODEL!$A$15:$Y$24,ROW()-ROW(A$4),0)) -> #N/A | C11: =IF(OR(ROW()-ROW(B$4)>MAX(0,C$4)+1,C$4=""),NA(),HLOOKUP(C$5,MODEL!$A$15:$Y$24,ROW()-ROW(B$4),0)) -> #N/A | D11: =IF(OR(ROW()-ROW(C$4)>MAX(0,D$4)+1,D$4=""),NA(),HLOOKUP(D$5,MODEL!$A$15:$Y$24,ROW()-ROW(C$4),0)) -> #N/A | E11: =IF(OR(ROW()-ROW(D$4)>MAX(0,E$4)+1,E$4=""),NA(),HLOOKUP(E$5,MODEL!$A$15:$Y$24,ROW()-ROW(D$4),0)) -> #N/A | F11: =IF(OR(ROW()-ROW(E$4)>MAX(0,F$4)+1,F$4=""),NA(),HLOOKUP(F$5,MODEL!$A$15:$Y$24,ROW()-ROW(E$4),0)) -> #N/A | G11: =IF(OR(ROW()-ROW(F$4)>MAX(0,G$4)+1,G$4=""),NA(),HLOOKUP(G$5,MODEL!$A$15:$Y$24,ROW()-ROW(F$4),0)) -> #N/A | H11: =IF(OR(ROW()-ROW(G$4)>MAX(0,H$4)+1,H$4=""),NA(),HLOOKUP(H$5,MODEL!$A$15:$Y$24,ROW()-ROW(G$4),0)) -> #N/A | I11: =IF(OR(ROW()-ROW(H$4)>MAX(0,I$4)+1,I$4=""),NA(),HLOOKUP(I$5,MODEL!$A$15:$Y$24,ROW()-ROW(H$4),0)) -> #N/A | ... Z11: =IF(OR(ROW()-ROW(Y$4)>MAX(0,Z$4)+1,Z$4=""),NA(),HLOOKUP(Z$5,MODEL!$A$15:$Y$24,ROW()-ROW(Y$4),0)) -> #N/A
B12: =IF(OR(ROW()-ROW(A$4)>MAX(0,B$4)+1,B$4=""),NA(),HLOOKUP(B$5,MODEL!$A$15:$Y$24,ROW()-ROW(A$4),0)) -> #N/A | C12: =IF(OR(ROW()-ROW(B$4)>MAX(0,C$4)+1,C$4=""),NA(),HLOOKUP(C$5,MODEL!$A$15:$Y$24,ROW()-ROW(B$4),0)) -> #N/A | D12: =IF(OR(ROW()-ROW(C$4)>MAX(0,D$4)+1,D$4=""),NA(),HLOOKUP(D$5,MODEL!$A$15:$Y$24,ROW()-ROW(C$4),0)) -> #N/A | E12: =IF(OR(ROW()-ROW(D$4)>MAX(0,E$4)+1,E$4=""),NA(),HLOOKUP(E$5,MODEL!$A$15:$Y$24,ROW()-ROW(D$4),0)) -> #N/A | F12: =IF(OR(ROW()-ROW(E$4)>MAX(0,F$4)+1,F$4=""),NA(),HLOOKUP(F$5,MODEL!$A$15:$Y$24,ROW()-ROW(E$4),0)) -> #N/A | G12: =IF(OR(ROW()-ROW(F$4)>MAX(0,G$4)+1,G$4=""),NA(),HLOOKUP(G$5,MODEL!$A$15:$Y$24,ROW()-ROW(F$4),0)) -> #N/A | H12: =IF(OR(ROW()-ROW(G$4)>MAX(0,H$4)+1,H$4=""),NA(),HLOOKUP(H$5,MODEL!$A$15:$Y$24,ROW()-ROW(G$4),0)) -> #N/A | I12: =IF(OR(ROW()-ROW(H$4)>MAX(0,I$4)+1,I$4=""),NA(),HLOOKUP(I$5,MODEL!$A$15:$Y$24,ROW()-ROW(H$4),0)) -> #N/A | ... Z12: =IF(OR(ROW()-ROW(Y$4)>MAX(0,Z$4)+1,Z$4=""),NA(),HLOOKUP(Z$5,MODEL!$A$15:$Y$24,ROW()-ROW(Y$4),0)) -> #N/A
B13: =IF(OR(ROW()-ROW(A$4)>MAX(0,B$4)+1,B$4=""),NA(),HLOOKUP(B$5,MODEL!$A$15:$Y$24,ROW()-ROW(A$4),0)) -> #N/A | C13: =IF(OR(ROW()-ROW(B$4)>MAX(0,C$4)+1,C$4=""),NA(),HLOOKUP(C$5,MODEL!$A$15:$Y$24,ROW()-ROW(B$4),0)) -> #N/A | D13: =IF(OR(ROW()-ROW(C$4)>MAX(0,D$4)+1,D$4=""),NA(),HLOOKUP(D$5,MODEL!$A$15:$Y$24,ROW()-ROW(C$4),0)) -> #N/A | E13: =IF(OR(ROW()-ROW(D$4)>MAX(0,E$4)+1,E$4=""),NA(),HLOOKUP(E$5,MODEL!$A$15:$Y$24,ROW()-ROW(D$4),0)) -> #N/A | F13: =IF(OR(ROW()-ROW(E$4)>MAX(0,F$4)+1,F$4=""),NA(),HLOOKUP(F$5,MODEL!$A$15:$Y$24,ROW()-ROW(E$4),0)) -> #N/A | G13: =IF(OR(ROW()-ROW(F$4)>MAX(0,G$4)+1,G$4=""),NA(),HLOOKUP(G$5,MODEL!$A$15:$Y$24,ROW()-ROW(F$4),0)) -> #N/A | H13: =IF(OR(ROW()-ROW(G$4)>MAX(0,H$4)+1,H$4=""),NA(),HLOOKUP(H$5,MODEL!$A$15:$Y$24,ROW()-ROW(G$4),0)) -> #N/A | I13: =IF(OR(ROW()-ROW(H$4)>MAX(0,I$4)+1,I$4=""),NA(),HLOOKUP(I$5,MODEL!$A$15:$Y$24,ROW()-ROW(H$4),0)) -> #N/A | ... Z13: =IF(OR(ROW()-ROW(Y$4)>MAX(0,Z$4)+1,Z$4=""),NA(),HLOOKUP(Z$5,MODEL!$A$15:$Y$24,ROW()-ROW(Y$4),0)) -> #N/A
B14: =IF(OR(ROW()-ROW(A$4)>MAX(0,B$4)+1,B$4=""),NA(),HLOOKUP(B$5,MODEL!$A$15:$Y$24,ROW()-ROW(A$4),0)) -> #N/A | C14: =IF(OR(ROW()-ROW(B$4)>MAX(0,C$4)+1,C$4=""),NA(),HLOOKUP(C$5,MODEL!$A$15:$Y$24,ROW()-ROW(B$4),0)) -> #N/A | D14: =IF(OR(ROW()-ROW(C$4)>MAX(0,D$4)+1,D$4=""),NA(),HLOOKUP(D$5,MODEL!$A$15:$Y$24,ROW()-ROW(C$4),0)) -> #N/A | E14: =IF(OR(ROW()-ROW(D$4)>MAX(0,E$4)+1,E$4=""),NA(),HLOOKUP(E$5,MODEL!$A$15:$Y$24,ROW()-ROW(D$4),0)) -> #N/A | F14: =IF(OR(ROW()-ROW(E$4)>MAX(0,F$4)+1,F$4=""),NA(),HLOOKUP(F$5,MODEL!$A$15:$Y$24,ROW()-ROW(E$4),0)) -> #N/A | G14: =IF(OR(ROW()-ROW(F$4)>MAX(0,G$4)+1,G$4=""),NA(),HLOOKUP(G$5,MODEL!$A$15:$Y$24,ROW()-ROW(F$4),0)) -> #N/A | H14: =IF(OR(ROW()-ROW(G$4)>MAX(0,H$4)+1,H$4=""),NA(),HLOOKUP(H$5,MODEL!$A$15:$Y$24,ROW()-ROW(G$4),0)) -> #N/A | I14: =IF(OR(ROW()-ROW(H$4)>MAX(0,I$4)+1,I$4=""),NA(),HLOOKUP(I$5,MODEL!$A$15:$Y$24,ROW()-ROW(H$4),0)) -> #N/A | ... Z14: =IF(OR(ROW()-ROW(Y$4)>MAX(0,Z$4)+1,Z$4=""),NA(),HLOOKUP(Z$5,MODEL!$A$15:$Y$24,ROW()-ROW(Y$4),0)) -> #N/A
B16: =B5 -> A | C16: =C5 -> C | D16: =D5 -> E | E16: =E5 | F16: =F5 | G16: =G5 | H16: =H5 | I16: =I5 | ... Z16: =Z5
B17: =IF(OR(ROW()-ROW(A$15)>MAX(0,B$4)+1,B$4=""),NA(),HLOOKUP(B$16,MODEL!$A$49:$Y$58,ROW()-ROW(A$15),0)) -> 6.4651722 | C17: =IF(OR(ROW()-ROW(B$15)>MAX(0,C$4)+1,C$4=""),NA(),HLOOKUP(C$16,MODEL!$A$49:$Y$58,ROW()-ROW(B$15),0)) -> 4.9052365 | D17: =IF(OR(ROW()-ROW(C$15)>MAX(0,D$4)+1,D$4=""),NA(),HLOOKUP(D$16,MODEL!$A$49:$Y$58,ROW()-ROW(C$15),0)) -> 5.5209389 | E17: =IF(OR(ROW()-ROW(D$15)>MAX(0,E$4)+1,E$4=""),NA(),HLOOKUP(E$16,MODEL!$A$49:$Y$58,ROW()-ROW(D$15),0)) -> #N/A | F17: =IF(OR(ROW()-ROW(E$15)>MAX(0,F$4)+1,F$4=""),NA(),HLOOKUP(F$16,MODEL!$A$49:$Y$58,ROW()-ROW(E$15),0)) -> #N/A | G17: =IF(OR(ROW()-ROW(F$15)>MAX(0,G$4)+1,G$4=""),NA(),HLOOKUP(G$16,MODEL!$A$49:$Y$58,ROW()-ROW(F$15),0)) -> #N/A | H17: =IF(OR(ROW()-ROW(G$15)>MAX(0,H$4)+1,H$4=""),NA(),HLOOKUP(H$16,MODEL!$A$49:$Y$58,ROW()-ROW(G$15),0)) -> #N/A | I17: =IF(OR(ROW()-ROW(H$15)>MAX(0,I$4)+1,I$4=""),NA(),HLOOKUP(I$16,MODEL!$A$49:$Y$58,ROW()-ROW(H$15),0)) -> #N/A | ... Z17: =IF(OR(ROW()-ROW(Y$15)>MAX(0,Z$4)+1,Z$4=""),NA(),HLOOKUP(Z$16,MODEL!$A$49:$Y$58,ROW()-ROW(Y$15),0)) -> #N/A
B18: =IF(OR(ROW()-ROW(A$15)>MAX(0,B$4)+1,B$4=""),NA(),HLOOKUP(B$16,MODEL!$A$49:$Y$58,ROW()-ROW(A$15),0)) -> 5.5126858 | C18: =IF(OR(ROW()-ROW(B$15)>MAX(0,C$4)+1,C$4=""),NA(),HLOOKUP(C$16,MODEL!$A$49:$Y$58,ROW()-ROW(B$15),0)) -> 7.0726216 | D18: =IF(OR(ROW()-ROW(C$15)>MAX(0,D$4)+1,D$4=""),NA(),HLOOKUP(D$16,MODEL!$A$49:$Y$58,ROW()-ROW(C$15),0)) -> 6.4569192 | E18: =IF(OR(ROW()-ROW(D$15)>MAX(0,E$4)+1,E$4=""),NA(),HLOOKUP(E$16,MODEL!$A$49:$Y$58,ROW()-ROW(D$15),0)) -> #N/A | F18: =IF(OR(ROW()-ROW(E$15)>MAX(0,F$4)+1,F$4=""),NA(),HLOOKUP(F$16,MODEL!$A$49:$Y$58,ROW()-ROW(E$15),0)) -> #N/A | G18: =IF(OR(ROW()-ROW(F$15)>MAX(0,G$4)+1,G$4=""),NA(),HLOOKUP(G$16,MODEL!$A$49:$Y$58,ROW()-ROW(F$15),0)) -> #N/A | H18: =IF(OR(ROW()-ROW(G$15)>MAX(0,H$4)+1,H$4=""),NA(),HLOOKUP(H$16,MODEL!$A$49:$Y$58,ROW()-ROW(G$15),0)) -> #N/A | I18: =IF(OR(ROW()-ROW(H$15)>MAX(0,I$4)+1,I$4=""),NA(),HLOOKUP(I$16,MODEL!$A$49:$Y$58,ROW()-ROW(H$15),0)) -> #N/A | ... Z18: =IF(OR(ROW()-ROW(Y$15)>MAX(0,Z$4)+1,Z$4=""),NA(),HLOOKUP(Z$16,MODEL!$A$49:$Y$58,ROW()-ROW(Y$15),0)) -> #N/A
B19: =IF(OR(ROW()-ROW(A$15)>MAX(0,B$4)+1,B$4=""),NA(),HLOOKUP(B$16,MODEL!$A$49:$Y$58,ROW()-ROW(A$15),0)) -> #N/A | C19: =IF(OR(ROW()-ROW(B$15)>MAX(0,C$4)+1,C$4=""),NA(),HLOOKUP(C$16,MODEL!$A$49:$Y$58,ROW()-ROW(B$15),0)) -> #N/A | D19: =IF(OR(ROW()-ROW(C$15)>MAX(0,D$4)+1,D$4=""),NA(),HLOOKUP(D$16,MODEL!$A$49:$Y$58,ROW()-ROW(C$15),0)) -> #N/A | E19: =IF(OR(ROW()-ROW(D$15)>MAX(0,E$4)+1,E$4=""),NA(),HLOOKUP(E$16,MODEL!$A$49:$Y$58,ROW()-ROW(D$15),0)) -> #N/A | F19: =IF(OR(ROW()-ROW(E$15)>MAX(0,F$4)+1,F$4=""),NA(),HLOOKUP(F$16,MODEL!$A$49:$Y$58,ROW()-ROW(E$15),0)) -> #N/A | G19: =IF(OR(ROW()-ROW(F$15)>MAX(0,G$4)+1,G$4=""),NA(),HLOOKUP(G$16,MODEL!$A$49:$Y$58,ROW()-ROW(F$15),0)) -> #N/A | H19: =IF(OR(ROW()-ROW(G$15)>MAX(0,H$4)+1,H$4=""),NA(),HLOOKUP(H$16,MODEL!$A$49:$Y$58,ROW()-ROW(G$15),0)) -> #N/A | I19: =IF(OR(ROW()-ROW(H$15)>MAX(0,I$4)+1,I$4=""),NA(),HLOOKUP(I$16,MODEL!$A$49:$Y$58,ROW()-ROW(H$15),0)) -> #N/A | ... Z19: =IF(OR(ROW()-ROW(Y$15)>MAX(0,Z$4)+1,Z$4=""),NA(),HLOOKUP(Z$16,MODEL!$A$49:$Y$58,ROW()-ROW(Y$15),0)) -> #N/A
B20: =IF(OR(ROW()-ROW(A$15)>MAX(0,B$4)+1,B$4=""),NA(),HLOOKUP(B$16,MODEL!$A$49:$Y$58,ROW()-ROW(A$15),0)) -> #N/A | C20: =IF(OR(ROW()-ROW(B$15)>MAX(0,C$4)+1,C$4=""),NA(),HLOOKUP(C$16,MODEL!$A$49:$Y$58,ROW()-ROW(B$15),0)) -> #N/A | D20: =IF(OR(ROW()-ROW(C$15)>MAX(0,D$4)+1,D$4=""),NA(),HLOOKUP(D$16,MODEL!$A$49:$Y$58,ROW()-ROW(C$15),0)) -> #N/A | E20: =IF(OR(ROW()-ROW(D$15)>MAX(0,E$4)+1,E$4=""),NA(),HLOOKUP(E$16,MODEL!$A$49:$Y$58,ROW()-ROW(D$15),0)) -> #N/A | F20: =IF(OR(ROW()-ROW(E$15)>MAX(0,F$4)+1,F$4=""),NA(),HLOOKUP(F$16,MODEL!$A$49:$Y$58,ROW()-ROW(E$15),0)) -> #N/A | G20: =IF(OR(ROW()-ROW(F$15)>MAX(0,G$4)+1,G$4=""),NA(),HLOOKUP(G$16,MODEL!$A$49:$Y$58,ROW()-ROW(F$15),0)) -> #N/A | H20: =IF(OR(ROW()-ROW(G$15)>MAX(0,H$4)+1,H$4=""),NA(),HLOOKUP(H$16,MODEL!$A$49:$Y$58,ROW()-ROW(G$15),0)) -> #N/A | I20: =IF(OR(ROW()-ROW(H$15)>MAX(0,I$4)+1,I$4=""),NA(),HLOOKUP(I$16,MODEL!$A$49:$Y$58,ROW()-ROW(H$15),0)) -> #N/A | ... Z20: =IF(OR(ROW()-ROW(Y$15)>MAX(0,Z$4)+1,Z$4=""),NA(),HLOOKUP(Z$16,MODEL!$A$49:$Y$58,ROW()-ROW(Y$15),0)) -> #N/A
B21: =IF(OR(ROW()-ROW(A$15)>MAX(0,B$4)+1,B$4=""),NA(),HLOOKUP(B$16,MODEL!$A$49:$Y$58,ROW()-ROW(A$15),0)) -> #N/A | C21: =IF(OR(ROW()-ROW(B$15)>MAX(0,C$4)+1,C$4=""),NA(),HLOOKUP(C$16,MODEL!$A$49:$Y$58,ROW()-ROW(B$15),0)) -> #N/A | D21: =IF(OR(ROW()-ROW(C$15)>MAX(0,D$4)+1,D$4=""),NA(),HLOOKUP(D$16,MODEL!$A$49:$Y$58,ROW()-ROW(C$15),0)) -> #N/A | E21: =IF(OR(ROW()-ROW(D$15)>MAX(0,E$4)+1,E$4=""),NA(),HLOOKUP(E$16,MODEL!$A$49:$Y$58,ROW()-ROW(D$15),0)) -> #N/A | F21: =IF(OR(ROW()-ROW(E$15)>MAX(0,F$4)+1,F$4=""),NA(),HLOOKUP(F$16,MODEL!$A$49:$Y$58,ROW()-ROW(E$15),0)) -> #N/A | G21: =IF(OR(ROW()-ROW(F$15)>MAX(0,G$4)+1,G$4=""),NA(),HLOOKUP(G$16,MODEL!$A$49:$Y$58,ROW()-ROW(F$15),0)) -> #N/A | H21: =IF(OR(ROW()-ROW(G$15)>MAX(0,H$4)+1,H$4=""),NA(),HLOOKUP(H$16,MODEL!$A$49:$Y$58,ROW()-ROW(G$15),0)) -> #N/A | I21: =IF(OR(ROW()-ROW(H$15)>MAX(0,I$4)+1,I$4=""),NA(),HLOOKUP(I$16,MODEL!$A$49:$Y$58,ROW()-ROW(H$15),0)) -> #N/A | ... Z21: =IF(OR(ROW()-ROW(Y$15)>MAX(0,Z$4)+1,Z$4=""),NA(),HLOOKUP(Z$16,MODEL!$A$49:$Y$58,ROW()-ROW(Y$15),0)) -> #N/A
B22: =IF(OR(ROW()-ROW(A$15)>MAX(0,B$4)+1,B$4=""),NA(),HLOOKUP(B$16,MODEL!$A$49:$Y$58,ROW()-ROW(A$15),0)) -> #N/A | C22: =IF(OR(ROW()-ROW(B$15)>MAX(0,C$4)+1,C$4=""),NA(),HLOOKUP(C$16,MODEL!$A$49:$Y$58,ROW()-ROW(B$15),0)) -> #N/A | D22: =IF(OR(ROW()-ROW(C$15)>MAX(0,D$4)+1,D$4=""),NA(),HLOOKUP(D$16,MODEL!$A$49:$Y$58,ROW()-ROW(C$15),0)) -> #N/A | E22: =IF(OR(ROW()-ROW(D$15)>MAX(0,E$4)+1,E$4=""),NA(),HLOOKUP(E$16,MODEL!$A$49:$Y$58,ROW()-ROW(D$15),0)) -> #N/A | F22: =IF(OR(ROW()-ROW(E$15)>MAX(0,F$4)+1,F$4=""),NA(),HLOOKUP(F$16,MODEL!$A$49:$Y$58,ROW()-ROW(E$15),0)) -> #N/A | G22: =IF(OR(ROW()-ROW(F$15)>MAX(0,G$4)+1,G$4=""),NA(),HLOOKUP(G$16,MODEL!$A$49:$Y$58,ROW()-ROW(F$15),0)) -> #N/A | H22: =IF(OR(ROW()-ROW(G$15)>MAX(0,H$4)+1,H$4=""),NA(),HLOOKUP(H$16,MODEL!$A$49:$Y$58,ROW()-ROW(G$15),0)) -> #N/A | I22: =IF(OR(ROW()-ROW(H$15)>MAX(0,I$4)+1,I$4=""),NA(),HLOOKUP(I$16,MODEL!$A$49:$Y$58,ROW()-ROW(H$15),0)) -> #N/A | ... Z22: =IF(OR(ROW()-ROW(Y$15)>MAX(0,Z$4)+1,Z$4=""),NA(),HLOOKUP(Z$16,MODEL!$A$49:$Y$58,ROW()-ROW(Y$15),0)) -> #N/A
B23: =IF(OR(ROW()-ROW(A$15)>MAX(0,B$4)+1,B$4=""),NA(),HLOOKUP(B$16,MODEL!$A$49:$Y$58,ROW()-ROW(A$15),0)) -> #N/A | C23: =IF(OR(ROW()-ROW(B$15)>MAX(0,C$4)+1,C$4=""),NA(),HLOOKUP(C$16,MODEL!$A$49:$Y$58,ROW()-ROW(B$15),0)) -> #N/A | D23: =IF(OR(ROW()-ROW(C$15)>MAX(0,D$4)+1,D$4=""),NA(),HLOOKUP(D$16,MODEL!$A$49:$Y$58,ROW()-ROW(C$15),0)) -> #N/A | E23: =IF(OR(ROW()-ROW(D$15)>MAX(0,E$4)+1,E$4=""),NA(),HLOOKUP(E$16,MODEL!$A$49:$Y$58,ROW()-ROW(D$15),0)) -> #N/A | F23: =IF(OR(ROW()-ROW(E$15)>MAX(0,F$4)+1,F$4=""),NA(),HLOOKUP(F$16,MODEL!$A$49:$Y$58,ROW()-ROW(E$15),0)) -> #N/A | G23: =IF(OR(ROW()-ROW(F$15)>MAX(0,G$4)+1,G$4=""),NA(),HLOOKUP(G$16,MODEL!$A$49:$Y$58,ROW()-ROW(F$15),0)) -> #N/A | H23: =IF(OR(ROW()-ROW(G$15)>MAX(0,H$4)+1,H$4=""),NA(),HLOOKUP(H$16,MODEL!$A$49:$Y$58,ROW()-ROW(G$15),0)) -> #N/A | I23: =IF(OR(ROW()-ROW(H$15)>MAX(0,I$4)+1,I$4=""),NA(),HLOOKUP(I$16,MODEL!$A$49:$Y$58,ROW()-ROW(H$15),0)) -> #N/A | ... Z23: =IF(OR(ROW()-ROW(Y$15)>MAX(0,Z$4)+1,Z$4=""),NA(),HLOOKUP(Z$16,MODEL!$A$49:$Y$58,ROW()-ROW(Y$15),0)) -> #N/A
B24: =IF(OR(ROW()-ROW(A$15)>MAX(0,B$4)+1,B$4=""),NA(),HLOOKUP(B$16,MODEL!$A$49:$Y$58,ROW()-ROW(A$15),0)) -> #N/A | C24: =IF(OR(ROW()-ROW(B$15)>MAX(0,C$4)+1,C$4=""),NA(),HLOOKUP(C$16,MODEL!$A$49:$Y$58,ROW()-ROW(B$15),0)) -> #N/A | D24: =IF(OR(ROW()-ROW(C$15)>MAX(0,D$4)+1,D$4=""),NA(),HLOOKUP(D$16,MODEL!$A$49:$Y$58,ROW()-ROW(C$15),0)) -> #N/A | E24: =IF(OR(ROW()-ROW(D$15)>MAX(0,E$4)+1,E$4=""),NA(),HLOOKUP(E$16,MODEL!$A$49:$Y$58,ROW()-ROW(D$15),0)) -> #N/A | F24: =IF(OR(ROW()-ROW(E$15)>MAX(0,F$4)+1,F$4=""),NA(),HLOOKUP(F$16,MODEL!$A$49:$Y$58,ROW()-ROW(E$15),0)) -> #N/A | G24: =IF(OR(ROW()-ROW(F$15)>MAX(0,G$4)+1,G$4=""),NA(),HLOOKUP(G$16,MODEL!$A$49:$Y$58,ROW()-ROW(F$15),0)) -> #N/A | H24: =IF(OR(ROW()-ROW(G$15)>MAX(0,H$4)+1,H$4=""),NA(),HLOOKUP(H$16,MODEL!$A$49:$Y$58,ROW()-ROW(G$15),0)) -> #N/A | I24: =IF(OR(ROW()-ROW(H$15)>MAX(0,I$4)+1,I$4=""),NA(),HLOOKUP(I$16,MODEL!$A$49:$Y$58,ROW()-ROW(H$15),0)) -> #N/A | ... Z24: =IF(OR(ROW()-ROW(Y$15)>MAX(0,Z$4)+1,Z$4=""),NA(),HLOOKUP(Z$16,MODEL!$A$49:$Y$58,ROW()-ROW(Y$15),0)) -> #N/A
B25: =IF(OR(ROW()-ROW(A$15)>MAX(0,B$4)+1,B$4=""),NA(),HLOOKUP(B$16,MODEL!$A$49:$Y$58,ROW()-ROW(A$15),0)) -> #N/A | C25: =IF(OR(ROW()-ROW(B$15)>MAX(0,C$4)+1,C$4=""),NA(),HLOOKUP(C$16,MODEL!$A$49:$Y$58,ROW()-ROW(B$15),0)) -> #N/A | D25: =IF(OR(ROW()-ROW(C$15)>MAX(0,D$4)+1,D$4=""),NA(),HLOOKUP(D$16,MODEL!$A$49:$Y$58,ROW()-ROW(C$15),0)) -> #N/A | E25: =IF(OR(ROW()-ROW(D$15)>MAX(0,E$4)+1,E$4=""),NA(),HLOOKUP(E$16,MODEL!$A$49:$Y$58,ROW()-ROW(D$15),0)) -> #N/A | F25: =IF(OR(ROW()-ROW(E$15)>MAX(0,F$4)+1,F$4=""),NA(),HLOOKUP(F$16,MODEL!$A$49:$Y$58,ROW()-ROW(E$15),0)) -> #N/A | G25: =IF(OR(ROW()-ROW(F$15)>MAX(0,G$4)+1,G$4=""),NA(),HLOOKUP(G$16,MODEL!$A$49:$Y$58,ROW()-ROW(F$15),0)) -> #N/A | H25: =IF(OR(ROW()-ROW(G$15)>MAX(0,H$4)+1,H$4=""),NA(),HLOOKUP(H$16,MODEL!$A$49:$Y$58,ROW()-ROW(G$15),0)) -> #N/A | I25: =IF(OR(ROW()-ROW(H$15)>MAX(0,I$4)+1,I$4=""),NA(),HLOOKUP(I$16,MODEL!$A$49:$Y$58,ROW()-ROW(H$15),0)) -> #N/A | ... Z25: =IF(OR(ROW()-ROW(Y$15)>MAX(0,Z$4)+1,Z$4=""),NA(),HLOOKUP(Z$16,MODEL!$A$49:$Y$58,ROW()-ROW(Y$15),0)) -> #N/A
A27: =IF(MODEL_MATRIX!B1="",NA(),MODEL_MATRIX!B1) -> Y | B27: =B16 -> A | C27: =C16 -> C | D27: =D16 -> E | E27: =E16 | F27: =F16 | G27: =G16 | H27: =H16 | I27: =I16 | ... Z27: =Z16
A28: =IF(MODEL_MATRIX!B2="",NA(),MODEL_MATRIX!B2) -> 4.2919815 | B28: =IF(OR(B$27="",ISERROR($A28)),NA(),HLOOKUP(B$27,MODEL_MATRIX!$C$1:$AA$71,ROW()-ROW(A$26),0)) -> -1 | C28: =IF(OR(C$27="",ISERROR($A28)),NA(),HLOOKUP(C$27,MODEL_MATRIX!$C$1:$AA$71,ROW()-ROW(B$26),0)) -> -1 | D28: =IF(OR(D$27="",ISERROR($A28)),NA(),HLOOKUP(D$27,MODEL_MATRIX!$C$1:$AA$71,ROW()-ROW(C$26),0)) -> -1 | E28: =IF(OR(E$27="",ISERROR($A28)),NA(),HLOOKUP(E$27,MODEL_MATRIX!$C$1:$AA$71,ROW()-ROW(D$26),0)) -> #N/A | F28: =IF(OR(F$27="",ISERROR($A28)),NA(),HLOOKUP(F$27,MODEL_MATRIX!$C$1:$AA$71,ROW()-ROW(E$26),0)) -> #N/A | G28: =IF(OR(G$27="",ISERROR($A28)),NA(),HLOOKUP(G$27,MODEL_MATRIX!$C$1:$AA$71,ROW()-ROW(F$26),0)) -> #N/A | H28: =IF(OR(H$27="",ISERROR($A28)),NA(),HLOOKUP(H$27,MODEL_MATRIX!$C$1:$AA$71,ROW()-ROW(G$26),0)) -> #N/A | I28: =IF(OR(I$27="",ISERROR($A28)),NA(),HLOOKUP(I$27,MODEL_MATRIX!$C$1:$AA$71,ROW()-ROW(H$26),0)) -> #N/A | ... Z28: =IF(OR(Z$27="",ISERROR($A28)),NA(),HLOOKUP(Z$27,MODEL_MATRIX!$C$1:$AA$71,ROW()-ROW(Y$26),0)) -> #N/A
A29: =IF(MODEL_MATRIX!B3="",NA(),MODEL_MATRIX!B3) -> 4.0079398 | B29: =IF(OR(B$27="",ISERROR($A29)),NA(),HLOOKUP(B$27,MODEL_MATRIX!$C$1:$AA$71,ROW()-ROW(A$26),0)) -> 1 | C29: =IF(OR(C$27="",ISERROR($A29)),NA(),HLOOKUP(C$27,MODEL_MATRIX!$C$1:$AA$71,ROW()-ROW(B$26),0)) -> -1 | D29: =IF(OR(D$27="",ISERROR($A29)),NA(),HLOOKUP(D$27,MODEL_MATRIX!$C$1:$AA$71,ROW()-ROW(C$26),0)) -> -1 | E29: =IF(OR(E$27="",ISERROR($A29)),NA(),HLOOKUP(E$27,MODEL_MATRIX!$C$1:$AA$71,ROW()-ROW(D$26),0)) -> #N/A | F29: =IF(OR(F$27="",ISERROR($A29)),NA(),HLOOKUP(F$27,MODEL_MATRIX!$C$1:$AA$71,ROW()-ROW(E$26),0)) -> #N/A | G29: =IF(OR(G$27="",ISERROR($A29)),NA(),HLOOKUP(G$27,MODEL_MATRIX!$C$1:$AA$71,ROW()-ROW(F$26),0)) -> #N/A | H29: =IF(OR(H$27="",ISERROR($A29)),NA(),HLOOKUP(H$27,MODEL_MATRIX!$C$1:$AA$71,ROW()-ROW(G$26),0)) -> #N/A | I29: =IF(OR(I$27="",ISERROR($A29)),NA(),HLOOKUP(I$27,MODEL_MATRIX!$C$1:$AA$71,ROW()-ROW(H$26),0)) -> #N/A | ... Z29: =IF(OR(Z$27="",ISERROR($A29)),NA(),HLOOKUP(Z$27,MODEL_MATRIX!$C$1:$AA$71,ROW()-ROW(Y$26),0)) -> #N/A
A30: =IF(MODEL_MATRIX!B4="",NA(),MODEL_MATRIX!B4) -> 5.180476 | B30: =IF(OR(B$27="",ISERROR($A30)),NA(),HLOOKUP(B$27,MODEL_MATRIX!$C$1:$AA$71,ROW()-ROW(A$26),0)) -> -1 | C30: =IF(OR(C$27="",ISERROR($A30)),NA(),HLOOKUP(C$27,MODEL_MATRIX!$C$1:$AA$71,ROW()-ROW(B$26),0)) -> -1 | D30: =IF(OR(D$27="",ISERROR($A30)),NA(),HLOOKUP(D$27,MODEL_MATRIX!$C$1:$AA$71,ROW()-ROW(C$26),0)) -> -1 | E30: =IF(OR(E$27="",ISERROR($A30)),NA(),HLOOKUP(E$27,MODEL_MATRIX!$C$1:$AA$71,ROW()-ROW(D$26),0)) -> #N/A | F30: =IF(OR(F$27="",ISERROR($A30)),NA(),HLOOKUP(F$27,MODEL_MATRIX!$C$1:$AA$71,ROW()-ROW(E$26),0)) -> #N/A | G30: =IF(OR(G$27="",ISERROR($A30)),NA(),HLOOKUP(G$27,MODEL_MATRIX!$C$1:$AA$71,ROW()-ROW(F$26),0)) -> #N/A | H30: =IF(OR(H$27="",ISERROR($A30)),NA(),HLOOKUP(H$27,MODEL_MATRIX!$C$1:$AA$71,ROW()-ROW(G$26),0)) -> #N/A | I30: =IF(OR(I$27="",ISERROR($A30)),NA(),HLOOKUP(I$27,MODEL_MATRIX!$C$1:$AA$71,ROW()-ROW(H$26),0)) -> #N/A | ... Z30: =IF(OR(Z$27="",ISERROR($A30)),NA(),HLOOKUP(Z$27,MODEL_MATRIX!$C$1:$AA$71,ROW()-ROW(Y$26),0)) -> #N/A
A31: =IF(MODEL_MATRIX!B5="",NA(),MODEL_MATRIX!B5) -> 4.6917005 | B31: =IF(OR(B$27="",ISERROR($A31)),NA(),HLOOKUP(B$27,MODEL_MATRIX!$C$1:$AA$71,ROW()-ROW(A$26),0)) -> 1 | C31: =IF(OR(C$27="",ISERROR($A31)),NA(),HLOOKUP(C$27,MODEL_MATRIX!$C$1:$AA$71,ROW()-ROW(B$26),0)) -> -1 | D31: =IF(OR(D$27="",ISERROR($A31)),NA(),HLOOKUP(D$27,MODEL_MATRIX!$C$1:$AA$71,ROW()-ROW(C$26),0)) -> -1 | E31: =IF(OR(E$27="",ISERROR($A31)),NA(),HLOOKUP(E$27,MODEL_MATRIX!$C$1:$AA$71,ROW()-ROW(D$26),0)) -> #N/A | F31: =IF(OR(F$27="",ISERROR($A31)),NA(),HLOOKUP(F$27,MODEL_MATRIX!$C$1:$AA$71,ROW()-ROW(E$26),0)) -> #N/A | G31: =IF(OR(G$27="",ISERROR($A31)),NA(),HLOOKUP(G$27,MODEL_MATRIX!$C$1:$AA$71,ROW()-ROW(F$26),0)) -> #N/A | H31: =IF(OR(H$27="",ISERROR($A31)),NA(),HLOOKUP(H$27,MODEL_MATRIX!$C$1:$AA$71,ROW()-ROW(G$26),0)) -> #N/A | I31: =IF(OR(I$27="",ISERROR($A31)),NA(),HLOOKUP(I$27,MODEL_MATRIX!$C$1:$AA$71,ROW()-ROW(H$26),0)) -> #N/A | ... Z31: =IF(OR(Z$27="",ISERROR($A31)),NA(),HLOOKUP(Z$27,MODEL_MATRIX!$C$1:$AA$71,ROW()-ROW(Y$26),0)) -> #N/A
A32: =IF(MODEL_MATRIX!B6="",NA(),MODEL_MATRIX!B6) -> 8.533188 | B32: =IF(OR(B$27="",ISERROR($A32)),NA(),HLOOKUP(B$27,MODEL_MATRIX!$C$1:$AA$71,ROW()-ROW(A$26),0)) -> -1 | C32: =IF(OR(C$27="",ISERROR($A32)),NA(),HLOOKUP(C$27,MODEL_MATRIX!$C$1:$AA$71,ROW()-ROW(B$26),0)) -> 1 | D32: =IF(OR(D$27="",ISERROR($A32)),NA(),HLOOKUP(D$27,MODEL_MATRIX!$C$1:$AA$71,ROW()-ROW(C$26),0)) -> -1 | E32: =IF(OR(E$27="",ISERROR($A32)),NA(),HLOOKUP(E$27,MODEL_MATRIX!$C$1:$AA$71,ROW()-ROW(D$26),0)) -> #N/A | F32: =IF(OR(F$27="",ISERROR($A32)),NA(),HLOOKUP(F$27,MODEL_MATRIX!$C$1:$AA$71,ROW()-ROW(E$26),0)) -> #N/A | G32: =IF(OR(G$27="",ISERROR($A32)),NA(),HLOOKUP(G$27,MODEL_MATRIX!$C$1:$AA$71,ROW()-ROW(F$26),0)) -> #N/A | H32: =IF(OR(H$27="",ISERROR($A32)),NA(),HLOOKUP(H$27,MODEL_MATRIX!$C$1:$AA$71,ROW()-ROW(G$26),0)) -> #N/A | I32: =IF(OR(I$27="",ISERROR($A32)),NA(),HLOOKUP(I$27,MODEL_MATRIX!$C$1:$AA$71,ROW()-ROW(H$26),0)) -> #N/A | ... Z32: =IF(OR(Z$27="",ISERROR($A32)),NA(),HLOOKUP(Z$27,MODEL_MATRIX!$C$1:$AA$71,ROW()-ROW(Y$26),0)) -> #N/A
A33: =IF(MODEL_MATRIX!B7="",NA(),MODEL_MATRIX!B7) -> 4.312169 | B33: =IF(OR(B$27="",ISERROR($A33)),NA(),HLOOKUP(B$27,MODEL_MATRIX!$C$1:$AA$71,ROW()-ROW(A$26),0)) -> 1 | C33: =IF(OR(C$27="",ISERROR($A33)),NA(),HLOOKUP(C$27,MODEL_MATRIX!$C$1:$AA$71,ROW()-ROW(B$26),0)) -> 1 | D33: =IF(OR(D$27="",ISERROR($A33)),NA(),HLOOKUP(D$27,MODEL_MATRIX!$C$1:$AA$71,ROW()-ROW(C$26),0)) -> -1 | E33: =IF(OR(E$27="",ISERROR($A33)),NA(),HLOOKUP(E$27,MODEL_MATRIX!$C$1:$AA$71,ROW()-ROW(D$26),0)) -> #N/A | F33: =IF(OR(F$27="",ISERROR($A33)),NA(),HLOOKUP(F$27,MODEL_MATRIX!$C$1:$AA$71,ROW()-ROW(E$26),0)) -> #N/A | G33: =IF(OR(G$27="",ISERROR($A33)),NA(),HLOOKUP(G$27,MODEL_MATRIX!$C$1:$AA$71,ROW()-ROW(F$26),0)) -> #N/A | H33: =IF(OR(H$27="",ISERROR($A33)),NA(),HLOOKUP(H$27,MODEL_MATRIX!$C$1:$AA$71,ROW()-ROW(G$26),0)) -> #N/A | I33: =IF(OR(I$27="",ISERROR($A33)),NA(),HLOOKUP(I$27,MODEL_MATRIX!$C$1:$AA$71,ROW()-ROW(H$26),0)) -> #N/A | ... Z33: =IF(OR(Z$27="",ISERROR($A33)),NA(),HLOOKUP(Z$27,MODEL_MATRIX!$C$1:$AA$71,ROW()-ROW(Y$26),0)) -> #N/A
A34: =IF(MODEL_MATRIX!B8="",NA(),MODEL_MATRIX!B8) -> 8.317046 | B34: =IF(OR(B$27="",ISERROR($A34)),NA(),HLOOKUP(B$27,MODEL_MATRIX!$C$1:$AA$71,ROW()-ROW(A$26),0)) -> -1 | C34: =IF(OR(C$27="",ISERROR($A34)),NA(),HLOOKUP(C$27,MODEL_MATRIX!$C$1:$AA$71,ROW()-ROW(B$26),0)) -> 1 | D34: =IF(OR(D$27="",ISERROR($A34)),NA(),HLOOKUP(D$27,MODEL_MATRIX!$C$1:$AA$71,ROW()-ROW(C$26),0)) -> -1 | E34: =IF(OR(E$27="",ISERROR($A34)),NA(),HLOOKUP(E$27,MODEL_MATRIX!$C$1:$AA$71,ROW()-ROW(D$26),0)) -> #N/A | F34: =IF(OR(F$27="",ISERROR($A34)),NA(),HLOOKUP(F$27,MODEL_MATRIX!$C$1:$AA$71,ROW()-ROW(E$26),0)) -> #N/A | G34: =IF(OR(G$27="",ISERROR($A34)),NA(),HLOOKUP(G$27,MODEL_MATRIX!$C$1:$AA$71,ROW()-ROW(F$26),0)) -> #N/A | H34: =IF(OR(H$27="",ISERROR($A34)),NA(),HLOOKUP(H$27,MODEL_MATRIX!$C$1:$AA$71,ROW()-ROW(G$26),0)) -> #N/A | I34: =IF(OR(I$27="",ISERROR($A34)),NA(),HLOOKUP(I$27,MODEL_MATRIX!$C$1:$AA$71,ROW()-ROW(H$26),0)) -> #N/A | ... Z34: =IF(OR(Z$27="",ISERROR($A34)),NA(),HLOOKUP(Z$27,MODEL_MATRIX!$C$1:$AA$71,ROW()-ROW(Y$26),0)) -> #N/A
A35: =IF(MODEL_MATRIX!B9="",NA(),MODEL_MATRIX!B9) -> 4.242967 | B35: =IF(OR(B$27="",ISERROR($A35)),NA(),HLOOKUP(B$27,MODEL_MATRIX!$C$1:$AA$71,ROW()-ROW(A$26),0)) -> 1 | C35: =IF(OR(C$27="",ISERROR($A35)),NA(),HLOOKUP(C$27,MODEL_MATRIX!$C$1:$AA$71,ROW()-ROW(B$26),0)) -> 1 | D35: =IF(OR(D$27="",ISERROR($A35)),NA(),HLOOKUP(D$27,MODEL_MATRIX!$C$1:$AA$71,ROW()-ROW(C$26),0)) -> -1 | E35: =IF(OR(E$27="",ISERROR($A35)),NA(),HLOOKUP(E$27,MODEL_MATRIX!$C$1:$AA$71,ROW()-ROW(D$26),0)) -> #N/A | F35: =IF(OR(F$27="",ISERROR($A35)),NA(),HLOOKUP(F$27,MODEL_MATRIX!$C$1:$AA$71,ROW()-ROW(E$26),0)) -> #N/A | G35: =IF(OR(G$27="",ISERROR($A35)),NA(),HLOOKUP(G$27,MODEL_MATRIX!$C$1:$AA$71,ROW()-ROW(F$26),0)) -> #N/A | H35: =IF(OR(H$27="",ISERROR($A35)),NA(),HLOOKUP(H$27,MODEL_MATRIX!$C$1:$AA$71,ROW()-ROW(G$26),0)) -> #N/A | I35: =IF(OR(I$27="",ISERROR($A35)),NA(),HLOOKUP(I$27,MODEL_MATRIX!$C$1:$AA$71,ROW()-ROW(H$26),0)) -> #N/A | ... Z35: =IF(OR(Z$27="",ISERROR($A35)),NA(),HLOOKUP(Z$27,MODEL_MATRIX!$C$1:$AA$71,ROW()-ROW(Y$26),0)) -> #N/A
A36: =IF(MODEL_MATRIX!B10="",NA(),MODEL_MATRIX!B10) -> 4.73794 | B36: =IF(OR(B$27="",ISERROR($A36)),NA(),HLOOKUP(B$27,MODEL_MATRIX!$C$1:$AA$71,ROW()-ROW(A$26),0)) -> -1 | C36: =IF(OR(C$27="",ISERROR($A36)),NA(),HLOOKUP(C$27,MODEL_MATRIX!$C$1:$AA$71,ROW()-ROW(B$26),0)) -> -1 | D36: =IF(OR(D$27="",ISERROR($A36)),NA(),HLOOKUP(D$27,MODEL_MATRIX!$C$1:$AA$71,ROW()-ROW(C$26),0)) -> -1 | E36: =IF(OR(E$27="",ISERROR($A36)),NA(),HLOOKUP(E$27,MODEL_MATRIX!$C$1:$AA$71,ROW()-ROW(D$26),0)) -> #N/A | F36: =IF(OR(F$27="",ISERROR($A36)),NA(),HLOOKUP(F$27,MODEL_MATRIX!$C$1:$AA$71,ROW()-ROW(E$26),0)) -> #N/A | G36: =IF(OR(G$27="",ISERROR($A36)),NA(),HLOOKUP(G$27,MODEL_MATRIX!$C$1:$AA$71,ROW()-ROW(F$26),0)) -> #N/A | H36: =IF(OR(H$27="",ISERROR($A36)),NA(),HLOOKUP(H$27,MODEL_MATRIX!$C$1:$AA$71,ROW()-ROW(G$26),0)) -> #N/A | I36: =IF(OR(I$27="",ISERROR($A36)),NA(),HLOOKUP(I$27,MODEL_MATRIX!$C$1:$AA$71,ROW()-ROW(H$26),0)) -> #N/A | ... Z36: =IF(OR(Z$27="",ISERROR($A36)),NA(),HLOOKUP(Z$27,MODEL_MATRIX!$C$1:$AA$71,ROW()-ROW(Y$26),0)) -> #N/A
A37: =IF(MODEL_MATRIX!B11="",NA(),MODEL_MATRIX!B11) -> 3.8313653 | B37: =IF(OR(B$27="",ISERROR($A37)),NA(),HLOOKUP(B$27,MODEL_MATRIX!$C$1:$AA$71,ROW()-ROW(A$26),0)) -> 1 | C37: =IF(OR(C$27="",ISERROR($A37)),NA(),HLOOKUP(C$27,MODEL_MATRIX!$C$1:$AA$71,ROW()-ROW(B$26),0)) -> -1 | D37: =IF(OR(D$27="",ISERROR($A37)),NA(),HLOOKUP(D$27,MODEL_MATRIX!$C$1:$AA$71,ROW()-ROW(C$26),0)) -> -1 | E37: =IF(OR(E$27="",ISERROR($A37)),NA(),HLOOKUP(E$27,MODEL_MATRIX!$C$1:$AA$71,ROW()-ROW(D$26),0)) -> #N/A | F37: =IF(OR(F$27="",ISERROR($A37)),NA(),HLOOKUP(F$27,MODEL_MATRIX!$C$1:$AA$71,ROW()-ROW(E$26),0)) -> #N/A | G37: =IF(OR(G$27="",ISERROR($A37)),NA(),HLOOKUP(G$27,MODEL_MATRIX!$C$1:$AA$71,ROW()-ROW(F$26),0)) -> #N/A | H37: =IF(OR(H$27="",ISERROR($A37)),NA(),HLOOKUP(H$27,MODEL_MATRIX!$C$1:$AA$71,ROW()-ROW(G$26),0)) -> #N/A | I37: =IF(OR(I$27="",ISERROR($A37)),NA(),HLOOKUP(I$27,MODEL_MATRIX!$C$1:$AA$71,ROW()-ROW(H$26),0)) -> #N/A | ... Z37: =IF(OR(Z$27="",ISERROR($A37)),NA(),HLOOKUP(Z$27,MODEL_MATRIX!$C$1:$AA$71,ROW()-ROW(Y$26),0)) -> #N/A
A38: =IF(MODEL_MATRIX!B12="",NA(),MODEL_MATRIX!B12) -> 5.428064 | B38: =IF(OR(B$27="",ISERROR($A38)),NA(),HLOOKUP(B$27,MODEL_MATRIX!$C$1:$AA$71,ROW()-ROW(A$26),0)) -> -1 | C38: =IF(OR(C$27="",ISERROR($A38)),NA(),HLOOKUP(C$27,MODEL_MATRIX!$C$1:$AA$71,ROW()-ROW(B$26),0)) -> -1 | D38: =IF(OR(D$27="",ISERROR($A38)),NA(),HLOOKUP(D$27,MODEL_MATRIX!$C$1:$AA$71,ROW()-ROW(C$26),0)) -> -1 | E38: =IF(OR(E$27="",ISERROR($A38)),NA(),HLOOKUP(E$27,MODEL_MATRIX!$C$1:$AA$71,ROW()-ROW(D$26),0)) -> #N/A | F38: =IF(OR(F$27="",ISERROR($A38)),NA(),HLOOKUP(F$27,MODEL_MATRIX!$C$1:$AA$71,ROW()-ROW(E$26),0)) -> #N/A | G38: =IF(OR(G$27="",ISERROR($A38)),NA(),HLOOKUP(G$27,MODEL_MATRIX!$C$1:$AA$71,ROW()-ROW(F$26),0)) -> #N/A | H38: =IF(OR(H$27="",ISERROR($A38)),NA(),HLOOKUP(H$27,MODEL_MATRIX!$C$1:$AA$71,ROW()-ROW(G$26),0)) -> #N/A | I38: =IF(OR(I$27="",ISERROR($A38)),NA(),HLOOKUP(I$27,MODEL_MATRIX!$C$1:$AA$71,ROW()-ROW(H$26),0)) -> #N/A | ... Z38: =IF(OR(Z$27="",ISERROR($A38)),NA(),HLOOKUP(Z$27,MODEL_MATRIX!$C$1:$AA$71,ROW()-ROW(Y$26),0)) -> #N/A
A39: =IF(MODEL_MATRIX!B13="",NA(),MODEL_MATRIX!B13) -> 4.822603 | B39: =IF(OR(B$27="",ISERROR($A39)),NA(),HLOOKUP(B$27,MODEL_MATRIX!$C$1:$AA$71,ROW()-ROW(A$26),0)) -> 1 | C39: =IF(OR(C$27="",ISERROR($A39)),NA(),HLOOKUP(C$27,MODEL_MATRIX!$C$1:$AA$71,ROW()-ROW(B$26),0)) -> -1 | D39: =IF(OR(D$27="",ISERROR($A39)),NA(),HLOOKUP(D$27,MODEL_MATRIX!$C$1:$AA$71,ROW()-ROW(C$26),0)) -> -1 | E39: =IF(OR(E$27="",ISERROR($A39)),NA(),HLOOKUP(E$27,MODEL_MATRIX!$C$1:$AA$71,ROW()-ROW(D$26),0)) -> #N/A | F39: =IF(OR(F$27="",ISERROR($A39)),NA(),HLOOKUP(F$27,MODEL_MATRIX!$C$1:$AA$71,ROW()-ROW(E$26),0)) -> #N/A | G39: =IF(OR(G$27="",ISERROR($A39)),NA(),HLOOKUP(G$27,MODEL_MATRIX!$C$1:$AA$71,ROW()-ROW(F$26),0)) -> #N/A | H39: =IF(OR(H$27="",ISERROR($A39)),NA(),HLOOKUP(H$27,MODEL_MATRIX!$C$1:$AA$71,ROW()-ROW(G$26),0)) -> #N/A | I39: =IF(OR(I$27="",ISERROR($A39)),NA(),HLOOKUP(I$27,MODEL_MATRIX!$C$1:$AA$71,ROW()-ROW(H$26),0)) -> #N/A | ... Z39: =IF(OR(Z$27="",ISERROR($A39)),NA(),HLOOKUP(Z$27,MODEL_MATRIX!$C$1:$AA$71,ROW()-ROW(Y$26),0)) -> #N/A
... A97: =IF(MODEL_MATRIX!B71="",NA(),MODEL_MATRIX!B71) -> #N/A | B97: =IF(OR(B$27="",ISERROR($A97)),NA(),HLOOKUP(B$27,MODEL_MATRIX!$C$1:$AA$71,ROW()-ROW(A$26),0)) -> #N/A | C97: =IF(OR(C$27="",ISERROR($A97)),NA(),HLOOKUP(C$27,MODEL_MATRIX!$C$1:$AA$71,ROW()-ROW(B$26),0)) -> #N/A | D97: =IF(OR(D$27="",ISERROR($A97)),NA(),HLOOKUP(D$27,MODEL_MATRIX!$C$1:$AA$71,ROW()-ROW(C$26),0)) -> #N/A | E97: =IF(OR(E$27="",ISERROR($A97)),NA(),HLOOKUP(E$27,MODEL_MATRIX!$C$1:$AA$71,ROW()-ROW(D$26),0)) -> #N/A | F97: =IF(OR(F$27="",ISERROR($A97)),NA(),HLOOKUP(F$27,MODEL_MATRIX!$C$1:$AA$71,ROW()-ROW(E$26),0)) -> #N/A | G97: =IF(OR(G$27="",ISERROR($A97)),NA(),HLOOKUP(G$27,MODEL_MATRIX!$C$1:$AA$71,ROW()-ROW(F$26),0)) -> #N/A | H97: =IF(OR(H$27="",ISERROR($A97)),NA(),HLOOKUP(H$27,MODEL_MATRIX!$C$1:$AA$71,ROW()-ROW(G$26),0)) -> #N/A | I97: =IF(OR(I$27="",ISERROR($A97)),NA(),HLOOKUP(I$27,MODEL_MATRIX!$C$1:$AA$71,ROW()-ROW(H$26),0)) -> #N/A | ... Z97: =IF(OR(Z$27="",ISERROR($A97)),NA(),HLOOKUP(Z$27,MODEL_MATRIX!$C$1:$AA$71,ROW()-ROW(Y$26),0)) -> #N/A

Sheet MODEL_INTERACTIONS
A1: 0 | B1: =IF(B2="","",MAX($A$1:A1)+1) | C1: =IF(C2="","",MAX($A$1:B1)+1) | D1: =IF(D2="","",MAX($A$1:C1)+1) | E1: =IF(E2="","",MAX($A$1:D1)+1) -> 1 | F1: =IF(F2="","",MAX($A$1:E1)+1) -> 2 | G1: =IF(G2="","",MAX($A$1:F1)+1) | H1: =IF(H2="","",MAX($A$1:G1)+1) | I1: =IF(I2="","",MAX($A$1:H1)+1) | ... Z1: =IF(Z2="","",MAX($A$1:Y1)+1) | AB1: Enter the interaccions to plot | AG1: (leave blank to present the first interaccions in the model) | AP1: Interaction charts are shown for the two first 2-factor interaction components in the model (or select the interactions to visualize in the yellow cells). A change in the slope of the data series indicates interaction between the variables. Look for the largest (or the minimal) value of Y to figure out the optimal conditions.
B2: =IF(OR(MID(MODEL!A15,2,1)="2",LEN(MODEL!A15)<>2),"",MODEL!A15) | C2: =IF(OR(MID(MODEL!B15,2,1)="2",LEN(MODEL!B15)<>2),"",MODEL!B15) | D2: =IF(OR(MID(MODEL!C15,2,1)="2",LEN(MODEL!C15)<>2),"",MODEL!C15) | E2: =IF(OR(MID(MODEL!D15,2,1)="2",LEN(MODEL!D15)<>2),"",MODEL!D15) -> AC | F2: =IF(OR(MID(MODEL!E15,2,1)="2",LEN(MODEL!E15)<>2),"",MODEL!E15) -> AE | G2: =IF(OR(MID(MODEL!F15,2,1)="2",LEN(MODEL!F15)<>2),"",MODEL!F15) | H2: =IF(OR(MID(MODEL!G15,2,1)="2",LEN(MODEL!G15)<>2),"",MODEL!G15) | I2: =IF(OR(MID(MODEL!H15,2,1)="2",LEN(MODEL!H15)<>2),"",MODEL!H15) | ... Z2: =IF(OR(MID(MODEL!Y15,2,1)="2",LEN(MODEL!Y15)<>2),"",MODEL!Y15)
B3: =IFERROR(SMALL($B$1:$Z$1,COLUMN()-1),"") -> 1 | C3: =IFERROR(SMALL($B$1:$Z$1,COLUMN()-1),"") -> 2 | D3: =IFERROR(SMALL($B$1:$Z$1,COLUMN()-1),"") | E3: =IFERROR(SMALL($B$1:$Z$1,COLUMN()-1),"") | F3: =IFERROR(SMALL($B$1:$Z$1,COLUMN()-1),"") | G3: =IFERROR(SMALL($B$1:$Z$1,COLUMN()-1),"") | H3: =IFERROR(SMALL($B$1:$Z$1,COLUMN()-1),"") | I3: =IFERROR(SMALL($B$1:$Z$1,COLUMN()-1),"") | ... Z3: =IFERROR(SMALL($B$1:$Z$1,COLUMN()-1),"")
B4: =IF(B3="","",HLOOKUP(B3,$B$1:$Z$2,2,0)) -> AC | C4: =IF(C3="","",HLOOKUP(C3,$B$1:$Z$2,2,0)) -> AE | D4: =IF(D3="","",HLOOKUP(D3,$B$1:$Z$2,2,0)) | E4: =IF(E3="","",HLOOKUP(E3,$B$1:$Z$2,2,0)) | F4: =IF(F3="","",HLOOKUP(F3,$B$1:$Z$2,2,0)) | G4: =IF(G3="","",HLOOKUP(G3,$B$1:$Z$2,2,0)) | H4: =IF(H3="","",HLOOKUP(H3,$B$1:$Z$2,2,0)) | I4: =IF(I3="","",HLOOKUP(I3,$B$1:$Z$2,2,0)) | ... Z4: =IF(Z3="","",HLOOKUP(Z3,$B$1:$Z$2,2,0))
A7: =IF(MODEL_MATRIX!B1="","",MODEL_MATRIX!B1) -> Y | B7: =O8 -> A | C7: =N8 -> C | E7: =B7 -> A | F7: =C7 -> C | I7: =B7 -> A | J7: =C7 -> C | K7: Y | O7: =IF(AE1="",B4,AE1) -> AC | P7: =N8 -> C
A8: =IF(MODEL_MATRIX!B2="","",MODEL_MATRIX!B2) -> 4.2919815 | B8: =IF(OR(B$7="",ISERROR($A8)),"",HLOOKUP(B$7,MODEL_MATRIX!$C$1:$AA$71,ROW()-ROW(A$7)+1,0)) -> -1 | C8: =IF(OR(C$7="",ISERROR($A8)),"",HLOOKUP(C$7,MODEL_MATRIX!$C$1:$AA$71,ROW()-ROW(B$7)+1,0)) -> -1 | E8: =IF(E7="","",HLOOKUP(E7,MODEL!$A$13:$Y$14,2,0)) -> 2 | F8: =IF(F7="","",HLOOKUP(F7,MODEL!$A$13:$Y$14,2,0)) -> 2 | I8: =AVERAGE(B8:B77) -> 0 | J8: =AVERAGE(C8:C77) -> 0 | K8: =MIN(A8:A77) -> 3.8313653 | N8: =MID(O7,2,1) -> C | O8: =MID(O7,1,1) -> A | P8: {=TRANSPOSE(N9:N17)} -> -1 | Q8: 1 | R8: #N/A | S8: #N/A | T8: #N/A | U8: #N/A | V8: #N/A | W8: #N/A | X8: #N/A
A9: =IF(MODEL_MATRIX!B3="","",MODEL_MATRIX!B3) -> 4.0079398 | B9: =IF(OR(B$7="",ISERROR($A9)),"",HLOOKUP(B$7,MODEL_MATRIX!$C$1:$AA$71,ROW()-ROW(A$7)+1,0)) -> 1 | C9: =IF(OR(C$7="",ISERROR($A9)),"",HLOOKUP(C$7,MODEL_MATRIX!$C$1:$AA$71,ROW()-ROW(B$7)+1,0)) -> -1 | E9: =IF(E7="","",E7) -> A | F9: =IF(F7="","",F7) -> C | I9: =I8 -> 0 | J9: =J8 -> 0 | K9: =MAX(A8:A77) -> 8.926826 | N9: =HLOOKUP(N$8,$E$9:$F$18,ROW()-ROW($O$7),0) -> -1 | O9: =HLOOKUP(O$8,$E$9:$F$18,ROW()-ROW($O$7),0) -> -1 | P9: {=IF(ISERROR(P$8&$O9),NA(),IFERROR(AVERAGE(IF($B$8:$B$77=$O9,IF($C$8:$C$77=P$8,$A$8:$A$77,""),"")),NA()))} -> 5.0216156 | Q9: {=IF(ISERROR(Q$8&$O9),NA(),IFERROR(AVERAGE(IF($B$8:$B$77=$O9,IF($C$8:$C$77=Q$8,$A$8:$A$77,""),"")),NA()))} -> 7.9087288 | R9: {=IF(ISERROR(R$8&$O9),NA(),IFERROR(AVERAGE(IF($B$8:$B$77=$O9,IF($C$8:$C$77=R$8,$A$8:$A$77,""),"")),NA()))} -> #N/A | S9: {=IF(ISERROR(S$8&$O9),NA(),IFERROR(AVERAGE(IF($B$8:$B$77=$O9,IF($C$8:$C$77=S$8,$A$8:$A$77,""),"")),NA()))} -> #N/A | T9: {=IF(ISERROR(T$8&$O9),NA(),IFERROR(AVERAGE(IF($B$8:$B$77=$O9,IF($C$8:$C$77=T$8,$A$8:$A$77,""),"")),NA()))} -> #N/A | U9: {=IF(ISERROR(U$8&$O9),NA(),IFERROR(AVERAGE(IF($B$8:$B$77=$O9,IF($C$8:$C$77=U$8,$A$8:$A$77,""),"")),NA()))} -> #N/A | V9: {=IF(ISERROR(V$8&$O9),NA(),IFERROR(AVERAGE(IF($B$8:$B$77=$O9,IF($C$8:$C$77=V$8,$A$8:$A$77,""),"")),NA()))} -> #N/A | W9: {=IF(ISERROR(W$8&$O9),NA(),IFERROR(AVERAGE(IF($B$8:$B$77=$O9,IF($C$8:$C$77=W$8,$A$8:$A$77,""),"")),NA()))} -> #N/A | X9: {=IF(ISERROR(X$8&$O9),NA(),IFERROR(AVERAGE(IF($B$8:$B$77=$O9,IF($C$8:$C$77=X$8,$A$8:$A$77,""),"")),NA()))} -> #N/A
A10: =IF(MODEL_MATRIX!B4="","",MODEL_MATRIX!B4) -> 5.180476 | B10: =IF(OR(B$7="",ISERROR($A10)),"",HLOOKUP(B$7,MODEL_MATRIX!$C$1:$AA$71,ROW()-ROW(A$7)+1,0)) -> -1 | C10: =IF(OR(C$7="",ISERROR($A10)),"",HLOOKUP(C$7,MODEL_MATRIX!$C$1:$AA$71,ROW()-ROW(B$7)+1,0)) -> -1 | E10: =IF(OR(ROW()-ROW(D$8)>MAX(0,E$8)+1,E$8=""),NA(),HLOOKUP(E$9,MODEL!$A$15:$Y$24,ROW()-ROW(D$8),0)) -> -1 | F10: =IF(OR(ROW()-ROW(E$8)>MAX(0,F$8)+1,F$8=""),NA(),HLOOKUP(F$9,MODEL!$A$15:$Y$24,ROW()-ROW(E$8),0)) -> -1 | N10: =HLOOKUP(N$8,$E$9:$F$18,ROW()-ROW($O$7),0) -> 1 | O10: =HLOOKUP(O$8,$E$9:$F$18,ROW()-ROW($O$7),0) -> 1 | P10: {=IF(ISERROR(P$8&$O10),NA(),IFERROR(AVERAGE(IF($B$8:$B$77=$O10,IF($C$8:$C$77=P$8,$A$8:$A$77,""),"")),NA()))} -> 4.7888574 | Q10: {=IF(ISERROR(Q$8&$O10),NA(),IFERROR(AVERAGE(IF($B$8:$B$77=$O10,IF($C$8:$C$77=Q$8,$A$8:$A$77,""),"")),NA()))} -> 6.2365143 | R10: {=IF(ISERROR(R$8&$O10),NA(),IFERROR(AVERAGE(IF($B$8:$B$77=$O10,IF($C$8:$C$77=R$8,$A$8:$A$77,""),"")),NA()))} -> #N/A | S10: {=IF(ISERROR(S$8&$O10),NA(),IFERROR(AVERAGE(IF($B$8:$B$77=$O10,IF($C$8:$C$77=S$8,$A$8:$A$77,""),"")),NA()))} -> #N/A | T10: {=IF(ISERROR(T$8&$O10),NA(),IFERROR(AVERAGE(IF($B$8:$B$77=$O10,IF($C$8:$C$77=T$8,$A$8:$A$77,""),"")),NA()))} -> #N/A | U10: {=IF(ISERROR(U$8&$O10),NA(),IFERROR(AVERAGE(IF($B$8:$B$77=$O10,IF($C$8:$C$77=U$8,$A$8:$A$77,""),"")),NA()))} -> #N/A | V10: {=IF(ISERROR(V$8&$O10),NA(),IFERROR(AVERAGE(IF($B$8:$B$77=$O10,IF($C$8:$C$77=V$8,$A$8:$A$77,""),"")),NA()))} -> #N/A | W10: {=IF(ISERROR(W$8&$O10),NA(),IFERROR(AVERAGE(IF($B$8:$B$77=$O10,IF($C$8:$C$77=W$8,$A$8:$A$77,""),"")),NA()))} -> #N/A | X10: {=IF(ISERROR(X$8&$O10),NA(),IFERROR(AVERAGE(IF($B$8:$B$77=$O10,IF($C$8:$C$77=X$8,$A$8:$A$77,""),"")),NA()))} -> #N/A
A11: =IF(MODEL_MATRIX!B5="","",MODEL_MATRIX!B5) -> 4.6917005 | B11: =IF(OR(B$7="",ISERROR($A11)),"",HLOOKUP(B$7,MODEL_MATRIX!$C$1:$AA$71,ROW()-ROW(A$7)+1,0)) -> 1 | C11: =IF(OR(C$7="",ISERROR($A11)),"",HLOOKUP(C$7,MODEL_MATRIX!$C$1:$AA$71,ROW()-ROW(B$7)+1,0)) -> -1 | E11: =IF(OR(ROW()-ROW(D$8)>MAX(0,E$8)+1,E$8=""),NA(),HLOOKUP(E$9,MODEL!$A$15:$Y$24,ROW()-ROW(D$8),0)) -> 1 | F11: =IF(OR(ROW()-ROW(E$8)>MAX(0,F$8)+1,F$8=""),NA(),HLOOKUP(F$9,MODEL!$A$15:$Y$24,ROW()-ROW(E$8),0)) -> 1 | N11: =HLOOKUP(N$8,$E$9:$F$18,ROW()-ROW($O$7),0) -> #N/A | O11: =HLOOKUP(O$8,$E$9:$F$18,ROW()-ROW($O$7),0) -> #N/A | P11: {=IF(ISERROR(P$8&$O11),NA(),IFERROR(AVERAGE(IF($B$8:$B$77=$O11,IF($C$8:$C$77=P$8,$A$8:$A$77,""),"")),NA()))} -> #N/A | Q11: {=IF(ISERROR(Q$8&$O11),NA(),IFERROR(AVERAGE(IF($B$8:$B$77=$O11,IF($C$8:$C$77=Q$8,$A$8:$A$77,""),"")),NA()))} -> #N/A | R11: {=IF(ISERROR(R$8&$O11),NA(),IFERROR(AVERAGE(IF($B$8:$B$77=$O11,IF($C$8:$C$77=R$8,$A$8:$A$77,""),"")),NA()))} -> #N/A | S11: {=IF(ISERROR(S$8&$O11),NA(),IFERROR(AVERAGE(IF($B$8:$B$77=$O11,IF($C$8:$C$77=S$8,$A$8:$A$77,""),"")),NA()))} -> #N/A | T11: {=IF(ISERROR(T$8&$O11),NA(),IFERROR(AVERAGE(IF($B$8:$B$77=$O11,IF($C$8:$C$77=T$8,$A$8:$A$77,""),"")),NA()))} -> #N/A | U11: {=IF(ISERROR(U$8&$O11),NA(),IFERROR(AVERAGE(IF($B$8:$B$77=$O11,IF($C$8:$C$77=U$8,$A$8:$A$77,""),"")),NA()))} -> #N/A | V11: {=IF(ISERROR(V$8&$O11),NA(),IFERROR(AVERAGE(IF($B$8:$B$77=$O11,IF($C$8:$C$77=V$8,$A$8:$A$77,""),"")),NA()))} -> #N/A | W11: {=IF(ISERROR(W$8&$O11),NA(),IFERROR(AVERAGE(IF($B$8:$B$77=$O11,IF($C$8:$C$77=W$8,$A$8:$A$77,""),"")),NA()))} -> #N/A | X11: {=IF(ISERROR(X$8&$O11),NA(),IFERROR(AVERAGE(IF($B$8:$B$77=$O11,IF($C$8:$C$77=X$8,$A$8:$A$77,""),"")),NA()))} -> #N/A
A12: =IF(MODEL_MATRIX!B6="","",MODEL_MATRIX!B6) -> 8.533188 | B12: =IF(OR(B$7="",ISERROR($A12)),"",HLOOKUP(B$7,MODEL_MATRIX!$C$1:$AA$71,ROW()-ROW(A$7)+1,0)) -> -1 | C12: =IF(OR(C$7="",ISERROR($A12)),"",HLOOKUP(C$7,MODEL_MATRIX!$C$1:$AA$71,ROW()-ROW(B$7)+1,0)) -> 1 | E12: =IF(OR(ROW()-ROW(D$8)>MAX(0,E$8)+1,E$8=""),NA(),HLOOKUP(E$9,MODEL!$A$15:$Y$24,ROW()-ROW(D$8),0)) -> #N/A | F12: =IF(OR(ROW()-ROW(E$8)>MAX(0,F$8)+1,F$8=""),NA(),HLOOKUP(F$9,MODEL!$A$15:$Y$24,ROW()-ROW(E$8),0)) -> #N/A | N12: =HLOOKUP(N$8,$E$9:$F$18,ROW()-ROW($O$7),0) -> #N/A | O12: =HLOOKUP(O$8,$E$9:$F$18,ROW()-ROW($O$7),0) -> #N/A | P12: {=IF(ISERROR(P$8&$O12),NA(),IFERROR(AVERAGE(IF($B$8:$B$77=$O12,IF($C$8:$C$77=P$8,$A$8:$A$77,""),"")),NA()))} -> #N/A | Q12: {=IF(ISERROR(Q$8&$O12),NA(),IFERROR(AVERAGE(IF($B$8:$B$77=$O12,IF($C$8:$C$77=Q$8,$A$8:$A$77,""),"")),NA()))} -> #N/A | R12: {=IF(ISERROR(R$8&$O12),NA(),IFERROR(AVERAGE(IF($B$8:$B$77=$O12,IF($C$8:$C$77=R$8,$A$8:$A$77,""),"")),NA()))} -> #N/A | S12: {=IF(ISERROR(S$8&$O12),NA(),IFERROR(AVERAGE(IF($B$8:$B$77=$O12,IF($C$8:$C$77=S$8,$A$8:$A$77,""),"")),NA()))} -> #N/A | T12: {=IF(ISERROR(T$8&$O12),NA(),IFERROR(AVERAGE(IF($B$8:$B$77=$O12,IF($C$8:$C$77=T$8,$A$8:$A$77,""),"")),NA()))} -> #N/A | U12: {=IF(ISERROR(U$8&$O12),NA(),IFERROR(AVERAGE(IF($B$8:$B$77=$O12,IF($C$8:$C$77=U$8,$A$8:$A$77,""),"")),NA()))} -> #N/A | V12: {=IF(ISERROR(V$8&$O12),NA(),IFERROR(AVERAGE(IF($B$8:$B$77=$O12,IF($C$8:$C$77=V$8,$A$8:$A$77,""),"")),NA()))} -> #N/A | W12: {=IF(ISERROR(W$8&$O12),NA(),IFERROR(AVERAGE(IF($B$8:$B$77=$O12,IF($C$8:$C$77=W$8,$A$8:$A$77,""),"")),NA()))} -> #N/A | X12: {=IF(ISERROR(X$8&$O12),NA(),IFERROR(AVERAGE(IF($B$8:$B$77=$O12,IF($C$8:$C$77=X$8,$A$8:$A$77,""),"")),NA()))} -> #N/A
A13: =IF(MODEL_MATRIX!B7="","",MODEL_MATRIX!B7) -> 4.312169 | B13: =IF(OR(B$7="",ISERROR($A13)),"",HLOOKUP(B$7,MODEL_MATRIX!$C$1:$AA$71,ROW()-ROW(A$7)+1,0)) -> 1 | C13: =IF(OR(C$7="",ISERROR($A13)),"",HLOOKUP(C$7,MODEL_MATRIX!$C$1:$AA$71,ROW()-ROW(B$7)+1,0)) -> 1 | E13: =IF(OR(ROW()-ROW(D$8)>MAX(0,E$8)+1,E$8=""),NA(),HLOOKUP(E$9,MODEL!$A$15:$Y$24,ROW()-ROW(D$8),0)) -> #N/A | F13: =IF(OR(ROW()-ROW(E$8)>MAX(0,F$8)+1,F$8=""),NA(),HLOOKUP(F$9,MODEL!$A$15:$Y$24,ROW()-ROW(E$8),0)) -> #N/A | N13: =HLOOKUP(N$8,$E$9:$F$18,ROW()-ROW($O$7),0) -> #N/A | O13: =HLOOKUP(O$8,$E$9:$F$18,ROW()-ROW($O$7),0) -> #N/A | P13: {=IF(ISERROR(P$8&$O13),NA(),IFERROR(AVERAGE(IF($B$8:$B$77=$O13,IF($C$8:$C$77=P$8,$A$8:$A$77,""),"")),NA()))} -> #N/A | Q13: {=IF(ISERROR(Q$8&$O13),NA(),IFERROR(AVERAGE(IF($B$8:$B$77=$O13,IF($C$8:$C$77=Q$8,$A$8:$A$77,""),"")),NA()))} -> #N/A | R13: {=IF(ISERROR(R$8&$O13),NA(),IFERROR(AVERAGE(IF($B$8:$B$77=$O13,IF($C$8:$C$77=R$8,$A$8:$A$77,""),"")),NA()))} -> #N/A | S13: {=IF(ISERROR(S$8&$O13),NA(),IFERROR(AVERAGE(IF($B$8:$B$77=$O13,IF($C$8:$C$77=S$8,$A$8:$A$77,""),"")),NA()))} -> #N/A | T13: {=IF(ISERROR(T$8&$O13),NA(),IFERROR(AVERAGE(IF($B$8:$B$77=$O13,IF($C$8:$C$77=T$8,$A$8:$A$77,""),"")),NA()))} -> #N/A | U13: {=IF(ISERROR(U$8&$O13),NA(),IFERROR(AVERAGE(IF($B$8:$B$77=$O13,IF($C$8:$C$77=U$8,$A$8:$A$77,""),"")),NA()))} -> #N/A | V13: {=IF(ISERROR(V$8&$O13),NA(),IFERROR(AVERAGE(IF($B$8:$B$77=$O13,IF($C$8:$C$77=V$8,$A$8:$A$77,""),"")),NA()))} -> #N/A | W13: {=IF(ISERROR(W$8&$O13),NA(),IFERROR(AVERAGE(IF($B$8:$B$77=$O13,IF($C$8:$C$77=W$8,$A$8:$A$77,""),"")),NA()))} -> #N/A | X13: {=IF(ISERROR(X$8&$O13),NA(),IFERROR(AVERAGE(IF($B$8:$B$77=$O13,IF($C$8:$C$77=X$8,$A$8:$A$77,""),"")),NA()))} -> #N/A
A14: =IF(MODEL_MATRIX!B8="","",MODEL_MATRIX!B8) -> 8.317046 | B14: =IF(OR(B$7="",ISERROR($A14)),"",HLOOKUP(B$7,MODEL_MATRIX!$C$1:$AA$71,ROW()-ROW(A$7)+1,0)) -> -1 | C14: =IF(OR(C$7="",ISERROR($A14)),"",HLOOKUP(C$7,MODEL_MATRIX!$C$1:$AA$71,ROW()-ROW(B$7)+1,0)) -> 1 | E14: =IF(OR(ROW()-ROW(D$8)>MAX(0,E$8)+1,E$8=""),NA(),HLOOKUP(E$9,MODEL!$A$15:$Y$24,ROW()-ROW(D$8),0)) -> #N/A | F14: =IF(OR(ROW()-ROW(E$8)>MAX(0,F$8)+1,F$8=""),NA(),HLOOKUP(F$9,MODEL!$A$15:$Y$24,ROW()-ROW(E$8),0)) -> #N/A | N14: =HLOOKUP(N$8,$E$9:$F$18,ROW()-ROW($O$7),0) -> #N/A | O14: =HLOOKUP(O$8,$E$9:$F$18,ROW()-ROW($O$7),0) -> #N/A | P14: {=IF(ISERROR(P$8&$O14),NA(),IFERROR(AVERAGE(IF($B$8:$B$77=$O14,IF($C$8:$C$77=P$8,$A$8:$A$77,""),"")),NA()))} -> #N/A | Q14: {=IF(ISERROR(Q$8&$O14),NA(),IFERROR(AVERAGE(IF($B$8:$B$77=$O14,IF($C$8:$C$77=Q$8,$A$8:$A$77,""),"")),NA()))} -> #N/A | R14: {=IF(ISERROR(R$8&$O14),NA(),IFERROR(AVERAGE(IF($B$8:$B$77=$O14,IF($C$8:$C$77=R$8,$A$8:$A$77,""),"")),NA()))} -> #N/A | S14: {=IF(ISERROR(S$8&$O14),NA(),IFERROR(AVERAGE(IF($B$8:$B$77=$O14,IF($C$8:$C$77=S$8,$A$8:$A$77,""),"")),NA()))} -> #N/A | T14: {=IF(ISERROR(T$8&$O14),NA(),IFERROR(AVERAGE(IF($B$8:$B$77=$O14,IF($C$8:$C$77=T$8,$A$8:$A$77,""),"")),NA()))} -> #N/A | U14: {=IF(ISERROR(U$8&$O14),NA(),IFERROR(AVERAGE(IF($B$8:$B$77=$O14,IF($C$8:$C$77=U$8,$A$8:$A$77,""),"")),NA()))} -> #N/A | V14: {=IF(ISERROR(V$8&$O14),NA(),IFERROR(AVERAGE(IF($B$8:$B$77=$O14,IF($C$8:$C$77=V$8,$A$8:$A$77,""),"")),NA()))} -> #N/A | W14: {=IF(ISERROR(W$8&$O14),NA(),IFERROR(AVERAGE(IF($B$8:$B$77=$O14,IF($C$8:$C$77=W$8,$A$8:$A$77,""),"")),NA()))} -> #N/A | X14: {=IF(ISERROR(X$8&$O14),NA(),IFERROR(AVERAGE(IF($B$8:$B$77=$O14,IF($C$8:$C$77=X$8,$A$8:$A$77,""),"")),NA()))} -> #N/A
A15: =IF(MODEL_MATRIX!B9="","",MODEL_MATRIX!B9) -> 4.242967 | B15: =IF(OR(B$7="",ISERROR($A15)),"",HLOOKUP(B$7,MODEL_MATRIX!$C$1:$AA$71,ROW()-ROW(A$7)+1,0)) -> 1 | C15: =IF(OR(C$7="",ISERROR($A15)),"",HLOOKUP(C$7,MODEL_MATRIX!$C$1:$AA$71,ROW()-ROW(B$7)+1,0)) -> 1 | E15: =IF(OR(ROW()-ROW(D$8)>MAX(0,E$8)+1,E$8=""),NA(),HLOOKUP(E$9,MODEL!$A$15:$Y$24,ROW()-ROW(D$8),0)) -> #N/A | F15: =IF(OR(ROW()-ROW(E$8)>MAX(0,F$8)+1,F$8=""),NA(),HLOOKUP(F$9,MODEL!$A$15:$Y$24,ROW()-ROW(E$8),0)) -> #N/A | N15: =HLOOKUP(N$8,$E$9:$F$18,ROW()-ROW($O$7),0) -> #N/A | O15: =HLOOKUP(O$8,$E$9:$F$18,ROW()-ROW($O$7),0) -> #N/A | P15: {=IF(ISERROR(P$8&$O15),NA(),IFERROR(AVERAGE(IF($B$8:$B$77=$O15,IF($C$8:$C$77=P$8,$A$8:$A$77,""),"")),NA()))} -> #N/A | Q15: {=IF(ISERROR(Q$8&$O15),NA(),IFERROR(AVERAGE(IF($B$8:$B$77=$O15,IF($C$8:$C$77=Q$8,$A$8:$A$77,""),"")),NA()))} -> #N/A | R15: {=IF(ISERROR(R$8&$O15),NA(),IFERROR(AVERAGE(IF($B$8:$B$77=$O15,IF($C$8:$C$77=R$8,$A$8:$A$77,""),"")),NA()))} -> #N/A | S15: {=IF(ISERROR(S$8&$O15),NA(),IFERROR(AVERAGE(IF($B$8:$B$77=$O15,IF($C$8:$C$77=S$8,$A$8:$A$77,""),"")),NA()))} -> #N/A | T15: {=IF(ISERROR(T$8&$O15),NA(),IFERROR(AVERAGE(IF($B$8:$B$77=$O15,IF($C$8:$C$77=T$8,$A$8:$A$77,""),"")),NA()))} -> #N/A | U15: {=IF(ISERROR(U$8&$O15),NA(),IFERROR(AVERAGE(IF($B$8:$B$77=$O15,IF($C$8:$C$77=U$8,$A$8:$A$77,""),"")),NA()))} -> #N/A | V15: {=IF(ISERROR(V$8&$O15),NA(),IFERROR(AVERAGE(IF($B$8:$B$77=$O15,IF($C$8:$C$77=V$8,$A$8:$A$77,""),"")),NA()))} -> #N/A | W15: {=IF(ISERROR(W$8&$O15),NA(),IFERROR(AVERAGE(IF($B$8:$B$77=$O15,IF($C$8:$C$77=W$8,$A$8:$A$77,""),"")),NA()))} -> #N/A | X15: {=IF(ISERROR(X$8&$O15),NA(),IFERROR(AVERAGE(IF($B$8:$B$77=$O15,IF($C$8:$C$77=X$8,$A$8:$A$77,""),"")),NA()))} -> #N/A
A16: =IF(MODEL_MATRIX!B10="","",MODEL_MATRIX!B10) -> 4.73794 | B16: =IF(OR(B$7="",ISERROR($A16)),"",HLOOKUP(B$7,MODEL_MATRIX!$C$1:$AA$71,ROW()-ROW(A$7)+1,0)) -> -1 | C16: =IF(OR(C$7="",ISERROR($A16)),"",HLOOKUP(C$7,MODEL_MATRIX!$C$1:$AA$71,ROW()-ROW(B$7)+1,0)) -> -1 | E16: =IF(OR(ROW()-ROW(D$8)>MAX(0,E$8)+1,E$8=""),NA(),HLOOKUP(E$9,MODEL!$A$15:$Y$24,ROW()-ROW(D$8),0)) -> #N/A | F16: =IF(OR(ROW()-ROW(E$8)>MAX(0,F$8)+1,F$8=""),NA(),HLOOKUP(F$9,MODEL!$A$15:$Y$24,ROW()-ROW(E$8),0)) -> #N/A | N16: =HLOOKUP(N$8,$E$9:$F$18,ROW()-ROW($O$7),0) -> #N/A | O16: =HLOOKUP(O$8,$E$9:$F$18,ROW()-ROW($O$7),0) -> #N/A | P16: {=IF(ISERROR(P$8&$O16),NA(),IFERROR(AVERAGE(IF($B$8:$B$77=$O16,IF($C$8:$C$77=P$8,$A$8:$A$77,""),"")),NA()))} -> #N/A | Q16: {=IF(ISERROR(Q$8&$O16),NA(),IFERROR(AVERAGE(IF($B$8:$B$77=$O16,IF($C$8:$C$77=Q$8,$A$8:$A$77,""),"")),NA()))} -> #N/A | R16: {=IF(ISERROR(R$8&$O16),NA(),IFERROR(AVERAGE(IF($B$8:$B$77=$O16,IF($C$8:$C$77=R$8,$A$8:$A$77,""),"")),NA()))} -> #N/A | S16: {=IF(ISERROR(S$8&$O16),NA(),IFERROR(AVERAGE(IF($B$8:$B$77=$O16,IF($C$8:$C$77=S$8,$A$8:$A$77,""),"")),NA()))} -> #N/A | T16: {=IF(ISERROR(T$8&$O16),NA(),IFERROR(AVERAGE(IF($B$8:$B$77=$O16,IF($C$8:$C$77=T$8,$A$8:$A$77,""),"")),NA()))} -> #N/A | U16: {=IF(ISERROR(U$8&$O16),NA(),IFERROR(AVERAGE(IF($B$8:$B$77=$O16,IF($C$8:$C$77=U$8,$A$8:$A$77,""),"")),NA()))} -> #N/A | V16: {=IF(ISERROR(V$8&$O16),NA(),IFERROR(AVERAGE(IF($B$8:$B$77=$O16,IF($C$8:$C$77=V$8,$A$8:$A$77,""),"")),NA()))} -> #N/A | W16: {=IF(ISERROR(W$8&$O16),NA(),IFERROR(AVERAGE(IF($B$8:$B$77=$O16,IF($C$8:$C$77=W$8,$A$8:$A$77,""),"")),NA()))} -> #N/A | X16: {=IF(ISERROR(X$8&$O16),NA(),IFERROR(AVERAGE(IF($B$8:$B$77=$O16,IF($C$8:$C$77=X$8,$A$8:$A$77,""),"")),NA()))} -> #N/A
A17: =IF(MODEL_MATRIX!B11="","",MODEL_MATRIX!B11) -> 3.8313653 | B17: =IF(OR(B$7="",ISERROR($A17)),"",HLOOKUP(B$7,MODEL_MATRIX!$C$1:$AA$71,ROW()-ROW(A$7)+1,0)) -> 1 | C17: =IF(OR(C$7="",ISERROR($A17)),"",HLOOKUP(C$7,MODEL_MATRIX!$C$1:$AA$71,ROW()-ROW(B$7)+1,0)) -> -1 | E17: =IF(OR(ROW()-ROW(D$8)>MAX(0,E$8)+1,E$8=""),NA(),HLOOKUP(E$9,MODEL!$A$15:$Y$24,ROW()-ROW(D$8),0)) -> #N/A | F17: =IF(OR(ROW()-ROW(E$8)>MAX(0,F$8)+1,F$8=""),NA(),HLOOKUP(F$9,MODEL!$A$15:$Y$24,ROW()-ROW(E$8),0)) -> #N/A | N17: =HLOOKUP(N$8,$E$9:$F$18,ROW()-ROW($O$7),0) -> #N/A | O17: =HLOOKUP(O$8,$E$9:$F$18,ROW()-ROW($O$7),0) -> #N/A | P17: {=IF(ISERROR(P$8&$O17),NA(),IFERROR(AVERAGE(IF($B$8:$B$77=$O17,IF($C$8:$C$77=P$8,$A$8:$A$77,""),"")),NA()))} -> #N/A | Q17: {=IF(ISERROR(Q$8&$O17),NA(),IFERROR(AVERAGE(IF($B$8:$B$77=$O17,IF($C$8:$C$77=Q$8,$A$8:$A$77,""),"")),NA()))} -> #N/A | R17: {=IF(ISERROR(R$8&$O17),NA(),IFERROR(AVERAGE(IF($B$8:$B$77=$O17,IF($C$8:$C$77=R$8,$A$8:$A$77,""),"")),NA()))} -> #N/A | S17: {=IF(ISERROR(S$8&$O17),NA(),IFERROR(AVERAGE(IF($B$8:$B$77=$O17,IF($C$8:$C$77=S$8,$A$8:$A$77,""),"")),NA()))} -> #N/A | T17: {=IF(ISERROR(T$8&$O17),NA(),IFERROR(AVERAGE(IF($B$8:$B$77=$O17,IF($C$8:$C$77=T$8,$A$8:$A$77,""),"")),NA()))} -> #N/A | U17: {=IF(ISERROR(U$8&$O17),NA(),IFERROR(AVERAGE(IF($B$8:$B$77=$O17,IF($C$8:$C$77=U$8,$A$8:$A$77,""),"")),NA()))} -> #N/A | V17: {=IF(ISERROR(V$8&$O17),NA(),IFERROR(AVERAGE(IF($B$8:$B$77=$O17,IF($C$8:$C$77=V$8,$A$8:$A$77,""),"")),NA()))} -> #N/A | W17: {=IF(ISERROR(W$8&$O17),NA(),IFERROR(AVERAGE(IF($B$8:$B$77=$O17,IF($C$8:$C$77=W$8,$A$8:$A$77,""),"")),NA()))} -> #N/A | X17: {=IF(ISERROR(X$8&$O17),NA(),IFERROR(AVERAGE(IF($B$8:$B$77=$O17,IF($C$8:$C$77=X$8,$A$8:$A$77,""),"")),NA()))} -> #N/A
A18: =IF(MODEL_MATRIX!B12="","",MODEL_MATRIX!B12) -> 5.428064 | B18: =IF(OR(B$7="",ISERROR($A18)),"",HLOOKUP(B$7,MODEL_MATRIX!$C$1:$AA$71,ROW()-ROW(A$7)+1,0)) -> -1 | C18: =IF(OR(C$7="",ISERROR($A18)),"",HLOOKUP(C$7,MODEL_MATRIX!$C$1:$AA$71,ROW()-ROW(B$7)+1,0)) -> -1 | E18: =IF(OR(ROW()-ROW(D$8)>MAX(0,E$8)+1,E$8=""),NA(),HLOOKUP(E$9,MODEL!$A$15:$Y$24,ROW()-ROW(D$8),0)) -> #N/A | F18: =IF(OR(ROW()-ROW(E$8)>MAX(0,F$8)+1,F$8=""),NA(),HLOOKUP(F$9,MODEL!$A$15:$Y$24,ROW()-ROW(E$8),0)) -> #N/A | P18: =$P$7 & " = " & P8 -> C = -1 | Q18: =$P$7 & " = " & Q8 -> C = 1 | R18: =$P$7 & " = " & R8 -> #N/A | S18: =$P$7 & " = " & S8 -> #N/A | T18: =$P$7 & " = " & T8 -> #N/A | U18: =$P$7 & " = " & U8 -> #N/A | V18: =$P$7 & " = " & V8 -> #N/A | W18: =$P$7 & " = " & W8 -> #N/A | X18: =$P$7 & " = " & X8 -> #N/A
A19: =IF(MODEL_MATRIX!B13="","",MODEL_MATRIX!B13) -> 4.822603 | B19: =IF(OR(B$7="",ISERROR($A19)),"",HLOOKUP(B$7,MODEL_MATRIX!$C$1:$AA$71,ROW()-ROW(A$7)+1,0)) -> 1 | C19: =IF(OR(C$7="",ISERROR($A19)),"",HLOOKUP(C$7,MODEL_MATRIX!$C$1:$AA$71,ROW()-ROW(B$7)+1,0)) -> -1
A20: =IF(MODEL_MATRIX!B14="","",MODEL_MATRIX!B14) -> 7.74115 | B20: =IF(OR(B$7="",ISERROR($A20)),"",HLOOKUP(B$7,MODEL_MATRIX!$C$1:$AA$71,ROW()-ROW(A$7)+1,0)) -> -1 | C20: =IF(OR(C$7="",ISERROR($A20)),"",HLOOKUP(C$7,MODEL_MATRIX!$C$1:$AA$71,ROW()-ROW(B$7)+1,0)) -> 1 | O20: =N8&O8 -> CA | P20: =N21 -> A
A21: =IF(MODEL_MATRIX!B15="","",MODEL_MATRIX!B15) -> 5.2487835 | B21: =IF(OR(B$7="",ISERROR($A21)),"",HLOOKUP(B$7,MODEL_MATRIX!$C$1:$AA$71,ROW()-ROW(A$7)+1,0)) -> 1 | C21: =IF(OR(C$7="",ISERROR($A21)),"",HLOOKUP(C$7,MODEL_MATRIX!$C$1:$AA$71,ROW()-ROW(B$7)+1,0)) -> 1 | N21: =MID(O20,2,1) -> A | O21: =MID(O20,1,1) -> C | P21: {=TRANSPOSE(N22:N30)} -> -1 | Q21: 1 | R21: #N/A | S21: #N/A | T21: #N/A | U21: #N/A | V21: #N/A | W21: #N/A | X21: #N/A
A22: =IF(MODEL_MATRIX!B16="","",MODEL_MATRIX!B16) -> 7.098279 | B22: =IF(OR(B$7="",ISERROR($A22)),"",HLOOKUP(B$7,MODEL_MATRIX!$C$1:$AA$71,ROW()-ROW(A$7)+1,0)) -> -1 | C22: =IF(OR(C$7="",ISERROR($A22)),"",HLOOKUP(C$7,MODEL_MATRIX!$C$1:$AA$71,ROW()-ROW(B$7)+1,0)) -> 1 | N22: =HLOOKUP(N$21,$E$9:$F$18,ROW()-ROW($O$20),0) -> -1 | O22: =HLOOKUP(O$21,$E$9:$F$18,ROW()-ROW($O$20),0) -> -1 | P22: {=IF(ISERROR(P$21&$O22),NA(),IFERROR(AVERAGE(IF($C$8:$C$77=$O22,IF($B$8:$B$77=P$21,$A$8:$A$77,""),"")),NA()))} -> 5.0216156 | Q22: {=IF(ISERROR(Q$21&$O22),NA(),IFERROR(AVERAGE(IF($C$8:$C$77=$O22,IF($B$8:$B$77=Q$21,$A$8:$A$77,""),"")),NA()))} -> 4.7888574 | R22: {=IF(ISERROR(R$21&$O22),NA(),IFERROR(AVERAGE(IF($C$8:$C$77=$O22,IF($B$8:$B$77=R$21,$A$8:$A$77,""),"")),NA()))} -> #N/A | S22: {=IF(ISERROR(S$21&$O22),NA(),IFERROR(AVERAGE(IF($C$8:$C$77=$O22,IF($B$8:$B$77=S$21,$A$8:$A$77,""),"")),NA()))} -> #N/A | T22: {=IF(ISERROR(T$21&$O22),NA(),IFERROR(AVERAGE(IF($C$8:$C$77=$O22,IF($B$8:$B$77=T$21,$A$8:$A$77,""),"")),NA()))} -> #N/A | U22: {=IF(ISERROR(U$21&$O22),NA(),IFERROR(AVERAGE(IF($C$8:$C$77=$O22,IF($B$8:$B$77=U$21,$A$8:$A$77,""),"")),NA()))} -> #N/A | V22: {=IF(ISERROR(V$21&$O22),NA(),IFERROR(AVERAGE(IF($C$8:$C$77=$O22,IF($B$8:$B$77=V$21,$A$8:$A$77,""),"")),NA()))} -> #N/A | W22: {=IF(ISERROR(W$21&$O22),NA(),IFERROR(AVERAGE(IF($C$8:$C$77=$O22,IF($B$8:$B$77=W$21,$A$8:$A$77,""),"")),NA()))} -> #N/A | X22: {=IF(ISERROR(X$21&$O22),NA(),IFERROR(AVERAGE(IF($C$8:$C$77=$O22,IF($B$8:$B$77=X$21,$A$8:$A$77,""),"")),NA()))} -> #N/A
A23: =IF(MODEL_MATRIX!B17="","",MODEL_MATRIX!B17) -> 5.849369 | B23: =IF(OR(B$7="",ISERROR($A23)),"",HLOOKUP(B$7,MODEL_MATRIX!$C$1:$AA$71,ROW()-ROW(A$7)+1,0)) -> 1 | C23: =IF(OR(C$7="",ISERROR($A23)),"",HLOOKUP(C$7,MODEL_MATRIX!$C$1:$AA$71,ROW()-ROW(B$7)+1,0)) -> 1 | N23: =HLOOKUP(N$21,$E$9:$F$18,ROW()-ROW($O$20),0) -> 1 | O23: =HLOOKUP(O$21,$E$9:$F$18,ROW()-ROW($O$20),0) -> 1 | P23: {=IF(ISERROR(P$21&$O23),NA(),IFERROR(AVERAGE(IF($C$8:$C$77=$O23,IF($B$8:$B$77=P$21,$A$8:$A$77,""),"")),NA()))} -> 7.9087288 | Q23: {=IF(ISERROR(Q$21&$O23),NA(),IFERROR(AVERAGE(IF($C$8:$C$77=$O23,IF($B$8:$B$77=Q$21,$A$8:$A$77,""),"")),NA()))} -> 6.2365143 | R23: {=IF(ISERROR(R$21&$O23),NA(),IFERROR(AVERAGE(IF($C$8:$C$77=$O23,IF($B$8:$B$77=R$21,$A$8:$A$77,""),"")),NA()))} -> #N/A | S23: {=IF(ISERROR(S$21&$O23),NA(),IFERROR(AVERAGE(IF($C$8:$C$77=$O23,IF($B$8:$B$77=S$21,$A$8:$A$77,""),"")),NA()))} -> #N/A | T23: {=IF(ISERROR(T$21&$O23),NA(),IFERROR(AVERAGE(IF($C$8:$C$77=$O23,IF($B$8:$B$77=T$21,$A$8:$A$77,""),"")),NA()))} -> #N/A | U23: {=IF(ISERROR(U$21&$O23),NA(),IFERROR(AVERAGE(IF($C$8:$C$77=$O23,IF($B$8:$B$77=U$21,$A$8:$A$77,""),"")),NA()))} -> #N/A | V23: {=IF(ISERROR(V$21&$O23),NA(),IFERROR(AVERAGE(IF($C$8:$C$77=$O23,IF($B$8:$B$77=V$21,$A$8:$A$77,""),"")),NA()))} -> #N/A | W23: {=IF(ISERROR(W$21&$O23),NA(),IFERROR(AVERAGE(IF($C$8:$C$77=$O23,IF($B$8:$B$77=W$21,$A$8:$A$77,""),"")),NA()))} -> #N/A | X23: {=IF(ISERROR(X$21&$O23),NA(),IFERROR(AVERAGE(IF($C$8:$C$77=$O23,IF($B$8:$B$77=X$21,$A$8:$A$77,""),"")),NA()))} -> #N/A
A24: =IF(MODEL_MATRIX!B18="","",MODEL_MATRIX!B18) -> 4.53304 | B24: =IF(OR(B$7="",ISERROR($A24)),"",HLOOKUP(B$7,MODEL_MATRIX!$C$1:$AA$71,ROW()-ROW(A$7)+1,0)) -> -1 | C24: =IF(OR(C$7="",ISERROR($A24)),"",HLOOKUP(C$7,MODEL_MATRIX!$C$1:$AA$71,ROW()-ROW(B$7)+1,0)) -> -1 | N24: =HLOOKUP(N$21,$E$9:$F$18,ROW()-ROW($O$20),0) -> #N/A | O24: =HLOOKUP(O$21,$E$9:$F$18,ROW()-ROW($O$20),0) -> #N/A | P24: {=IF(ISERROR(P$21&$O24),NA(),IFERROR(AVERAGE(IF($C$8:$C$77=$O24,IF($B$8:$B$77=P$21,$A$8:$A$77,""),"")),NA()))} -> #N/A | Q24: {=IF(ISERROR(Q$21&$O24),NA(),IFERROR(AVERAGE(IF($C$8:$C$77=$O24,IF($B$8:$B$77=Q$21,$A$8:$A$77,""),"")),NA()))} -> #N/A | R24: {=IF(ISERROR(R$21&$O24),NA(),IFERROR(AVERAGE(IF($C$8:$C$77=$O24,IF($B$8:$B$77=R$21,$A$8:$A$77,""),"")),NA()))} -> #N/A | S24: {=IF(ISERROR(S$21&$O24),NA(),IFERROR(AVERAGE(IF($C$8:$C$77=$O24,IF($B$8:$B$77=S$21,$A$8:$A$77,""),"")),NA()))} -> #N/A | T24: {=IF(ISERROR(T$21&$O24),NA(),IFERROR(AVERAGE(IF($C$8:$C$77=$O24,IF($B$8:$B$77=T$21,$A$8:$A$77,""),"")),NA()))} -> #N/A | U24: {=IF(ISERROR(U$21&$O24),NA(),IFERROR(AVERAGE(IF($C$8:$C$77=$O24,IF($B$8:$B$77=U$21,$A$8:$A$77,""),"")),NA()))} -> #N/A | V24: {=IF(ISERROR(V$21&$O24),NA(),IFERROR(AVERAGE(IF($C$8:$C$77=$O24,IF($B$8:$B$77=V$21,$A$8:$A$77,""),"")),NA()))} -> #N/A | W24: {=IF(ISERROR(W$21&$O24),NA(),IFERROR(AVERAGE(IF($C$8:$C$77=$O24,IF($B$8:$B$77=W$21,$A$8:$A$77,""),"")),NA()))} -> #N/A | X24: {=IF(ISERROR(X$21&$O24),NA(),IFERROR(AVERAGE(IF($C$8:$C$77=$O24,IF($B$8:$B$77=X$21,$A$8:$A$77,""),"")),NA()))} -> #N/A
A25: =IF(MODEL_MATRIX!B19="","",MODEL_MATRIX!B19) -> 5.7342475 | B25: =IF(OR(B$7="",ISERROR($A25)),"",HLOOKUP(B$7,MODEL_MATRIX!$C$1:$AA$71,ROW()-ROW(A$7)+1,0)) -> 1 | C25: =IF(OR(C$7="",ISERROR($A25)),"",HLOOKUP(C$7,MODEL_MATRIX!$C$1:$AA$71,ROW()-ROW(B$7)+1,0)) -> -1 | N25: =HLOOKUP(N$21,$E$9:$F$18,ROW()-ROW($O$20),0) -> #N/A | O25: =HLOOKUP(O$21,$E$9:$F$18,ROW()-ROW($O$20),0) -> #N/A | P25: {=IF(ISERROR(P$21&$O25),NA(),IFERROR(AVERAGE(IF($C$8:$C$77=$O25,IF($B$8:$B$77=P$21,$A$8:$A$77,""),"")),NA()))} -> #N/A | Q25: {=IF(ISERROR(Q$21&$O25),NA(),IFERROR(AVERAGE(IF($C$8:$C$77=$O25,IF($B$8:$B$77=Q$21,$A$8:$A$77,""),"")),NA()))} -> #N/A | R25: {=IF(ISERROR(R$21&$O25),NA(),IFERROR(AVERAGE(IF($C$8:$C$77=$O25,IF($B$8:$B$77=R$21,$A$8:$A$77,""),"")),NA()))} -> #N/A | S25: {=IF(ISERROR(S$21&$O25),NA(),IFERROR(AVERAGE(IF($C$8:$C$77=$O25,IF($B$8:$B$77=S$21,$A$8:$A$77,""),"")),NA()))} -> #N/A | T25: {=IF(ISERROR(T$21&$O25),NA(),IFERROR(AVERAGE(IF($C$8:$C$77=$O25,IF($B$8:$B$77=T$21,$A$8:$A$77,""),"")),NA()))} -> #N/A | U25: {=IF(ISERROR(U$21&$O25),NA(),IFERROR(AVERAGE(IF($C$8:$C$77=$O25,IF($B$8:$B$77=U$21,$A$8:$A$77,""),"")),NA()))} -> #N/A | V25: {=IF(ISERROR(V$21&$O25),NA(),IFERROR(AVERAGE(IF($C$8:$C$77=$O25,IF($B$8:$B$77=V$21,$A$8:$A$77,""),"")),NA()))} -> #N/A | W25: {=IF(ISERROR(W$21&$O25),NA(),IFERROR(AVERAGE(IF($C$8:$C$77=$O25,IF($B$8:$B$77=W$21,$A$8:$A$77,""),"")),NA()))} -> #N/A | X25: {=IF(ISERROR(X$21&$O25),NA(),IFERROR(AVERAGE(IF($C$8:$C$77=$O25,IF($B$8:$B$77=X$21,$A$8:$A$77,""),"")),NA()))} -> #N/A
A26: =IF(MODEL_MATRIX!B20="","",MODEL_MATRIX!B20) -> 5.878173 | B26: =IF(OR(B$7="",ISERROR($A26)),"",HLOOKUP(B$7,MODEL_MATRIX!$C$1:$AA$71,ROW()-ROW(A$7)+1,0)) -> -1 | C26: =IF(OR(C$7="",ISERROR($A26)),"",HLOOKUP(C$7,MODEL_MATRIX!$C$1:$AA$71,ROW()-ROW(B$7)+1,0)) -> -1 | N26: =HLOOKUP(N$21,$E$9:$F$18,ROW()-ROW($O$20),0) -> #N/A | O26: =HLOOKUP(O$21,$E$9:$F$18,ROW()-ROW($O$20),0) -> #N/A | P26: {=IF(ISERROR(P$21&$O26),NA(),IFERROR(AVERAGE(IF($C$8:$C$77=$O26,IF($B$8:$B$77=P$21,$A$8:$A$77,""),"")),NA()))} -> #N/A | Q26: {=IF(ISERROR(Q$21&$O26),NA(),IFERROR(AVERAGE(IF($C$8:$C$77=$O26,IF($B$8:$B$77=Q$21,$A$8:$A$77,""),"")),NA()))} -> #N/A | R26: {=IF(ISERROR(R$21&$O26),NA(),IFERROR(AVERAGE(IF($C$8:$C$77=$O26,IF($B$8:$B$77=R$21,$A$8:$A$77,""),"")),NA()))} -> #N/A | S26: {=IF(ISERROR(S$21&$O26),NA(),IFERROR(AVERAGE(IF($C$8:$C$77=$O26,IF($B$8:$B$77=S$21,$A$8:$A$77,""),"")),NA()))} -> #N/A | T26: {=IF(ISERROR(T$21&$O26),NA(),IFERROR(AVERAGE(IF($C$8:$C$77=$O26,IF($B$8:$B$77=T$21,$A$8:$A$77,""),"")),NA()))} -> #N/A | U26: {=IF(ISERROR(U$21&$O26),NA(),IFERROR(AVERAGE(IF($C$8:$C$77=$O26,IF($B$8:$B$77=U$21,$A$8:$A$77,""),"")),NA()))} -> #N/A | V26: {=IF(ISERROR(V$21&$O26),NA(),IFERROR(AVERAGE(IF($C$8:$C$77=$O26,IF($B$8:$B$77=V$21,$A$8:$A$77,""),"")),NA()))} -> #N/A | W26: {=IF(ISERROR(W$21&$O26),NA(),IFERROR(AVERAGE(IF($C$8:$C$77=$O26,IF($B$8:$B$77=W$21,$A$8:$A$77,""),"")),NA()))} -> #N/A | X26: {=IF(ISERROR(X$21&$O26),NA(),IFERROR(AVERAGE(IF($C$8:$C$77=$O26,IF($B$8:$B$77=X$21,$A$8:$A$77,""),"")),NA()))} -> #N/A
A27: =IF(MODEL_MATRIX!B21="","",MODEL_MATRIX!B21) -> 5.2625435 | B27: =IF(OR(B$7="",ISERROR($A27)),"",HLOOKUP(B$7,MODEL_MATRIX!$C$1:$AA$71,ROW()-ROW(A$7)+1,0)) -> 1 | C27: =IF(OR(C$7="",ISERROR($A27)),"",HLOOKUP(C$7,MODEL_MATRIX!$C$1:$AA$71,ROW()-ROW(B$7)+1,0)) -> -1 | N27: =HLOOKUP(N$21,$E$9:$F$18,ROW()-ROW($O$20),0) -> #N/A | O27: =HLOOKUP(O$21,$E$9:$F$18,ROW()-ROW($O$20),0) -> #N/A | P27: {=IF(ISERROR(P$21&$O27),NA(),IFERROR(AVERAGE(IF($C$8:$C$77=$O27,IF($B$8:$B$77=P$21,$A$8:$A$77,""),"")),NA()))} -> #N/A | Q27: {=IF(ISERROR(Q$21&$O27),NA(),IFERROR(AVERAGE(IF($C$8:$C$77=$O27,IF($B$8:$B$77=Q$21,$A$8:$A$77,""),"")),NA()))} -> #N/A | R27: {=IF(ISERROR(R$21&$O27),NA(),IFERROR(AVERAGE(IF($C$8:$C$77=$O27,IF($B$8:$B$77=R$21,$A$8:$A$77,""),"")),NA()))} -> #N/A | S27: {=IF(ISERROR(S$21&$O27),NA(),IFERROR(AVERAGE(IF($C$8:$C$77=$O27,IF($B$8:$B$77=S$21,$A$8:$A$77,""),"")),NA()))} -> #N/A | T27: {=IF(ISERROR(T$21&$O27),NA(),IFERROR(AVERAGE(IF($C$8:$C$77=$O27,IF($B$8:$B$77=T$21,$A$8:$A$77,""),"")),NA()))} -> #N/A | U27: {=IF(ISERROR(U$21&$O27),NA(),IFERROR(AVERAGE(IF($C$8:$C$77=$O27,IF($B$8:$B$77=U$21,$A$8:$A$77,""),"")),NA()))} -> #N/A | V27: {=IF(ISERROR(V$21&$O27),NA(),IFERROR(AVERAGE(IF($C$8:$C$77=$O27,IF($B$8:$B$77=V$21,$A$8:$A$77,""),"")),NA()))} -> #N/A | W27: {=IF(ISERROR(W$21&$O27),NA(),IFERROR(AVERAGE(IF($C$8:$C$77=$O27,IF($B$8:$B$77=W$21,$A$8:$A$77,""),"")),NA()))} -> #N/A | X27: {=IF(ISERROR(X$21&$O27),NA(),IFERROR(AVERAGE(IF($C$8:$C$77=$O27,IF($B$8:$B$77=X$21,$A$8:$A$77,""),"")),NA()))} -> #N/A
A28: =IF(MODEL_MATRIX!B22="","",MODEL_MATRIX!B22) -> 6.6597015 | B28: =IF(OR(B$7="",ISERROR($A28)),"",HLOOKUP(B$7,MODEL_MATRIX!$C$1:$AA$71,ROW()-ROW(A$7)+1,0)) -> -1 | C28: =IF(OR(C$7="",ISERROR($A28)),"",HLOOKUP(C$7,MODEL_MATRIX!$C$1:$AA$71,ROW()-ROW(B$7)+1,0)) -> 1 | N28: =HLOOKUP(N$21,$E$9:$F$18,ROW()-ROW($O$20),0) -> #N/A | O28: =HLOOKUP(O$21,$E$9:$F$18,ROW()-ROW($O$20),0) -> #N/A | P28: {=IF(ISERROR(P$21&$O28),NA(),IFERROR(AVERAGE(IF($C$8:$C$77=$O28,IF($B$8:$B$77=P$21,$A$8:$A$77,""),"")),NA()))} -> #N/A | Q28: {=IF(ISERROR(Q$21&$O28),NA(),IFERROR(AVERAGE(IF($C$8:$C$77=$O28,IF($B$8:$B$77=Q$21,$A$8:$A$77,""),"")),NA()))} -> #N/A | R28: {=IF(ISERROR(R$21&$O28),NA(),IFERROR(AVERAGE(IF($C$8:$C$77=$O28,IF($B$8:$B$77=R$21,$A$8:$A$77,""),"")),NA()))} -> #N/A | S28: {=IF(ISERROR(S$21&$O28),NA(),IFERROR(AVERAGE(IF($C$8:$C$77=$O28,IF($B$8:$B$77=S$21,$A$8:$A$77,""),"")),NA()))} -> #N/A | T28: {=IF(ISERROR(T$21&$O28),NA(),IFERROR(AVERAGE(IF($C$8:$C$77=$O28,IF($B$8:$B$77=T$21,$A$8:$A$77,""),"")),NA()))} -> #N/A | U28: {=IF(ISERROR(U$21&$O28),NA(),IFERROR(AVERAGE(IF($C$8:$C$77=$O28,IF($B$8:$B$77=U$21,$A$8:$A$77,""),"")),NA()))} -> #N/A | V28: {=IF(ISERROR(V$21&$O28),NA(),IFERROR(AVERAGE(IF($C$8:$C$77=$O28,IF($B$8:$B$77=V$21,$A$8:$A$77,""),"")),NA()))} -> #N/A | W28: {=IF(ISERROR(W$21&$O28),NA(),IFERROR(AVERAGE(IF($C$8:$C$77=$O28,IF($B$8:$B$77=W$21,$A$8:$A$77,""),"")),NA()))} -> #N/A | X28: {=IF(ISERROR(X$21&$O28),NA(),IFERROR(AVERAGE(IF($C$8:$C$77=$O28,IF($B$8:$B$77=X$21,$A$8:$A$77,""),"")),NA()))} -> #N/A
A29: =IF(MODEL_MATRIX!B23="","",MODEL_MATRIX!B23) -> 8.1015325 | B29: =IF(OR(B$7="",ISERROR($A29)),"",HLOOKUP(B$7,MODEL_MATRIX!$C$1:$AA$71,ROW()-ROW(A$7)+1,0)) -> 1 | C29: =IF(OR(C$7="",ISERROR($A29)),"",HLOOKUP(C$7,MODEL_MATRIX!$C$1:$AA$71,ROW()-ROW(B$7)+1,0)) -> 1 | N29: =HLOOKUP(N$21,$E$9:$F$18,ROW()-ROW($O$20),0) -> #N/A | O29: =HLOOKUP(O$21,$E$9:$F$18,ROW()-ROW($O$20),0) -> #N/A | P29: {=IF(ISERROR(P$21&$O29),NA(),IFERROR(AVERAGE(IF($C$8:$C$77=$O29,IF($B$8:$B$77=P$21,$A$8:$A$77,""),"")),NA()))} -> #N/A | Q29: {=IF(ISERROR(Q$21&$O29),NA(),IFERROR(AVERAGE(IF($C$8:$C$77=$O29,IF($B$8:$B$77=Q$21,$A$8:$A$77,""),"")),NA()))} -> #N/A | R29: {=IF(ISERROR(R$21&$O29),NA(),IFERROR(AVERAGE(IF($C$8:$C$77=$O29,IF($B$8:$B$77=R$21,$A$8:$A$77,""),"")),NA()))} -> #N/A | S29: {=IF(ISERROR(S$21&$O29),NA(),IFERROR(AVERAGE(IF($C$8:$C$77=$O29,IF($B$8:$B$77=S$21,$A$8:$A$77,""),"")),NA()))} -> #N/A | T29: {=IF(ISERROR(T$21&$O29),NA(),IFERROR(AVERAGE(IF($C$8:$C$77=$O29,IF($B$8:$B$77=T$21,$A$8:$A$77,""),"")),NA()))} -> #N/A | U29: {=IF(ISERROR(U$21&$O29),NA(),IFERROR(AVERAGE(IF($C$8:$C$77=$O29,IF($B$8:$B$77=U$21,$A$8:$A$77,""),"")),NA()))} -> #N/A | V29: {=IF(ISERROR(V$21&$O29),NA(),IFERROR(AVERAGE(IF($C$8:$C$77=$O29,IF($B$8:$B$77=V$21,$A$8:$A$77,""),"")),NA()))} -> #N/A | W29: {=IF(ISERROR(W$21&$O29),NA(),IFERROR(AVERAGE(IF($C$8:$C$77=$O29,IF($B$8:$B$77=W$21,$A$8:$A$77,""),"")),NA()))} -> #N/A | X29: {=IF(ISERROR(X$21&$O29),NA(),IFERROR(AVERAGE(IF($C$8:$C$77=$O29,IF($B$8:$B$77=X$21,$A$8:$A$77,""),"")),NA()))} -> #N/A
A30: =IF(MODEL_MATRIX!B24="","",MODEL_MATRIX!B24) -> 8.926826 | B30: =IF(OR(B$7="",ISERROR($A30)),"",HLOOKUP(B$7,MODEL_MATRIX!$C$1:$AA$71,ROW()-ROW(A$7)+1,0)) -> -1 | C30: =IF(OR(C$7="",ISERROR($A30)),"",HLOOKUP(C$7,MODEL_MATRIX!$C$1:$AA$71,ROW()-ROW(B$7)+1,0)) -> 1 | N30: =HLOOKUP(N$21,$E$9:$F$18,ROW()-ROW($O$20),0) -> #N/A | O30: =HLOOKUP(O$21,$E$9:$F$18,ROW()-ROW($O$20),0) -> #N/A | P30: {=IF(ISERROR(P$21&$O30),NA(),IFERROR(AVERAGE(IF($C$8:$C$77=$O30,IF($B$8:$B$77=P$21,$A$8:$A$77,""),"")),NA()))} -> #N/A | Q30: {=IF(ISERROR(Q$21&$O30),NA(),IFERROR(AVERAGE(IF($C$8:$C$77=$O30,IF($B$8:$B$77=Q$21,$A$8:$A$77,""),"")),NA()))} -> #N/A | R30: {=IF(ISERROR(R$21&$O30),NA(),IFERROR(AVERAGE(IF($C$8:$C$77=$O30,IF($B$8:$B$77=R$21,$A$8:$A$77,""),"")),NA()))} -> #N/A | S30: {=IF(ISERROR(S$21&$O30),NA(),IFERROR(AVERAGE(IF($C$8:$C$77=$O30,IF($B$8:$B$77=S$21,$A$8:$A$77,""),"")),NA()))} -> #N/A | T30: {=IF(ISERROR(T$21&$O30),NA(),IFERROR(AVERAGE(IF($C$8:$C$77=$O30,IF($B$8:$B$77=T$21,$A$8:$A$77,""),"")),NA()))} -> #N/A | U30: {=IF(ISERROR(U$21&$O30),NA(),IFERROR(AVERAGE(IF($C$8:$C$77=$O30,IF($B$8:$B$77=U$21,$A$8:$A$77,""),"")),NA()))} -> #N/A | V30: {=IF(ISERROR(V$21&$O30),NA(),IFERROR(AVERAGE(IF($C$8:$C$77=$O30,IF($B$8:$B$77=V$21,$A$8:$A$77,""),"")),NA()))} -> #N/A | W30: {=IF(ISERROR(W$21&$O30),NA(),IFERROR(AVERAGE(IF($C$8:$C$77=$O30,IF($B$8:$B$77=W$21,$A$8:$A$77,""),"")),NA()))} -> #N/A | X30: {=IF(ISERROR(X$21&$O30),NA(),IFERROR(AVERAGE(IF($C$8:$C$77=$O30,IF($B$8:$B$77=X$21,$A$8:$A$77,""),"")),NA()))} -> #N/A
A31: =IF(MODEL_MATRIX!B25="","",MODEL_MATRIX!B25) -> 7.059292 | B31: =IF(OR(B$7="",ISERROR($A31)),"",HLOOKUP(B$7,MODEL_MATRIX!$C$1:$AA$71,ROW()-ROW(A$7)+1,0)) -> 1 | C31: =IF(OR(C$7="",ISERROR($A31)),"",HLOOKUP(C$7,MODEL_MATRIX!$C$1:$AA$71,ROW()-ROW(B$7)+1,0)) -> 1 | P31: =$P$20 & " = " & P21 -> A = -1 | Q31: =$P$20 & " = " & Q21 -> A = 1 | R31: =$P$20 & " = " & R21 -> #N/A | S31: =$P$20 & " = " & S21 -> #N/A | T31: =$P$20 & " = " & T21 -> #N/A | U31: =$P$20 & " = " & U21 -> #N/A | V31: =$P$20 & " = " & V21 -> #N/A | W31: =$P$20 & " = " & W21 -> #N/A | X31: =$P$20 & " = " & X21 -> #N/A
A32: =IF(MODEL_MATRIX!B26="","",MODEL_MATRIX!B26) -> 4.441202 | B32: =IF(OR(B$7="",ISERROR($A32)),"",HLOOKUP(B$7,MODEL_MATRIX!$C$1:$AA$71,ROW()-ROW(A$7)+1,0)) -> -1 | C32: =IF(OR(C$7="",ISERROR($A32)),"",HLOOKUP(C$7,MODEL_MATRIX!$C$1:$AA$71,ROW()-ROW(B$7)+1,0)) -> -1
A33: =IF(MODEL_MATRIX!B27="","",MODEL_MATRIX!B27) -> 4.1802868 | B33: =IF(OR(B$7="",ISERROR($A33)),"",HLOOKUP(B$7,MODEL_MATRIX!$C$1:$AA$71,ROW()-ROW(A$7)+1,0)) -> 1 | C33: =IF(OR(C$7="",ISERROR($A33)),"",HLOOKUP(C$7,MODEL_MATRIX!$C$1:$AA$71,ROW()-ROW(B$7)+1,0)) -> -1
A34: =IF(MODEL_MATRIX!B28="","",MODEL_MATRIX!B28) -> 5.682048 | B34: =IF(OR(B$7="",ISERROR($A34)),"",HLOOKUP(B$7,MODEL_MATRIX!$C$1:$AA$71,ROW()-ROW(A$7)+1,0)) -> -1 | C34: =IF(OR(C$7="",ISERROR($A34)),"",HLOOKUP(C$7,MODEL_MATRIX!$C$1:$AA$71,ROW()-ROW(B$7)+1,0)) -> -1
A35: =IF(MODEL_MATRIX!B29="","",MODEL_MATRIX!B29) -> 5.7801725 | B35: =IF(OR(B$7="",ISERROR($A35)),"",HLOOKUP(B$7,MODEL_MATRIX!$C$1:$AA$71,ROW()-ROW(A$7)+1,0)) -> 1 | C35: =IF(OR(C$7="",ISERROR($A35)),"",HLOOKUP(C$7,MODEL_MATRIX!$C$1:$AA$71,ROW()-ROW(B$7)+1,0)) -> -1
A36: =IF(MODEL_MATRIX!B30="","",MODEL_MATRIX!B30) -> 8.739732 | B36: =IF(OR(B$7="",ISERROR($A36)),"",HLOOKUP(B$7,MODEL_MATRIX!$C$1:$AA$71,ROW()-ROW(A$7)+1,0)) -> -1 | C36: =IF(OR(C$7="",ISERROR($A36)),"",HLOOKUP(C$7,MODEL_MATRIX!$C$1:$AA$71,ROW()-ROW(B$7)+1,0)) -> 1
A37: =IF(MODEL_MATRIX!B31="","",MODEL_MATRIX!B31) -> 7.8388045 | B37: =IF(OR(B$7="",ISERROR($A37)),"",HLOOKUP(B$7,MODEL_MATRIX!$C$1:$AA$71,ROW()-ROW(A$7)+1,0)) -> 1 | C37: =IF(OR(C$7="",ISERROR($A37)),"",HLOOKUP(C$7,MODEL_MATRIX!$C$1:$AA$71,ROW()-ROW(B$7)+1,0)) -> 1
A38: =IF(MODEL_MATRIX!B32="","",MODEL_MATRIX!B32) -> 7.2539075 | B38: =IF(OR(B$7="",ISERROR($A38)),"",HLOOKUP(B$7,MODEL_MATRIX!$C$1:$AA$71,ROW()-ROW(A$7)+1,0)) -> -1 | C38: =IF(OR(C$7="",ISERROR($A38)),"",HLOOKUP(C$7,MODEL_MATRIX!$C$1:$AA$71,ROW()-ROW(B$7)+1,0)) -> 1
A39: =IF(MODEL_MATRIX!B33="","",MODEL_MATRIX!B33) -> 7.239197 | B39: =IF(OR(B$7="",ISERROR($A39)),"",HLOOKUP(B$7,MODEL_MATRIX!$C$1:$AA$71,ROW()-ROW(A$7)+1,0)) -> 1 | C39: =IF(OR(C$7="",ISERROR($A39)),"",HLOOKUP(C$7,MODEL_MATRIX!$C$1:$AA$71,ROW()-ROW(B$7)+1,0)) -> 1
A40: =IF(MODEL_MATRIX!B34="","",MODEL_MATRIX!B34) | B40: =IF(OR(B$7="",ISERROR($A40)),"",HLOOKUP(B$7,MODEL_MATRIX!$C$1:$AA$71,ROW()-ROW(A$7)+1,0)) | C40: =IF(OR(C$7="",ISERROR($A40)),"",HLOOKUP(C$7,MODEL_MATRIX!$C$1:$AA$71,ROW()-ROW(B$7)+1,0))
A41: =IF(MODEL_MATRIX!B35="","",MODEL_MATRIX!B35) | B41: =IF(OR(B$7="",ISERROR($A41)),"",HLOOKUP(B$7,MODEL_MATRIX!$C$1:$AA$71,ROW()-ROW(A$7)+1,0)) | C41: =IF(OR(C$7="",ISERROR($A41)),"",HLOOKUP(C$7,MODEL_MATRIX!$C$1:$AA$71,ROW()-ROW(B$7)+1,0))
A42: =IF(MODEL_MATRIX!B36="","",MODEL_MATRIX!B36) | B42: =IF(OR(B$7="",ISERROR($A42)),"",HLOOKUP(B$7,MODEL_MATRIX!$C$1:$AA$71,ROW()-ROW(A$7)+1,0)) | C42: =IF(OR(C$7="",ISERROR($A42)),"",HLOOKUP(C$7,MODEL_MATRIX!$C$1:$AA$71,ROW()-ROW(B$7)+1,0))
A43: =IF(MODEL_MATRIX!B37="","",MODEL_MATRIX!B37) | B43: =IF(OR(B$7="",ISERROR($A43)),"",HLOOKUP(B$7,MODEL_MATRIX!$C$1:$AA$71,ROW()-ROW(A$7)+1,0)) | C43: =IF(OR(C$7="",ISERROR($A43)),"",HLOOKUP(C$7,MODEL_MATRIX!$C$1:$AA$71,ROW()-ROW(B$7)+1,0))
... A77: =IF(MODEL_MATRIX!B71="","",MODEL_MATRIX!B71) | B77: =IF(OR(B$7="",ISERROR($A77)),"",HLOOKUP(B$7,MODEL_MATRIX!$C$1:$AA$71,ROW()-ROW(A$7)+1,0)) | C77: =IF(OR(C$7="",ISERROR($A77)),"",HLOOKUP(C$7,MODEL_MATRIX!$C$1:$AA$71,ROW()-ROW(B$7)+1,0))
A80: =IF(MODEL_MATRIX!B1="","",MODEL_MATRIX!B1) -> Y | B80: =O81 -> A | C80: =N81 -> E | E80: =B80 -> A | F80: =C80 -> E | I80: =B80 -> A | J80: =C80 -> E | K80: Y | O80: =IF(AF1="",IF(O7=B4,C4,B4),AF1) -> AE | P80: =N81 -> E
A81: =IF(MODEL_MATRIX!B2="","",MODEL_MATRIX!B2) -> 4.2919815 | B81: =IF(OR(B$7="",ISERROR($A81)),"",HLOOKUP(B$80,MODEL_MATRIX!$C$1:$AA$71,ROW()-ROW(A$80)+1,0)) -> -1 | C81: =IF(OR(C$80="",ISERROR($A81)),"",HLOOKUP(C$80,MODEL_MATRIX!$C$1:$AA$71,ROW()-ROW(C$80)+1,0)) -> -1 | E81: =IF(E80="","",HLOOKUP(E80,MODEL!$A$13:$Y$14,2,0)) -> 2 | F81: =IF(F80="","",HLOOKUP(F80,MODEL!$A$13:$Y$14,2,0)) -> 2 | I81: =AVERAGE(B81:B150) -> 0 | J81: =AVERAGE(C81:C150) -> 0 | K81: =MIN(A81:A150) -> 3.8313653 | N81: =MID(O80,2,1) -> E | O81: =MID(O80,1,1) -> A | P81: {=TRANSPOSE(N82:N90)} -> -1 | Q81: 1 | R81: #N/A | S81: #N/A | T81: #N/A | U81: #N/A | V81: #N/A | W81: #N/A | X81: #N/A
A82: =IF(MODEL_MATRIX!B3="","",MODEL_MATRIX!B3) -> 4.0079398 | B82: =IF(OR(B$7="",ISERROR($A82)),"",HLOOKUP(B$80,MODEL_MATRIX!$C$1:$AA$71,ROW()-ROW(A$80)+1,0)) -> 1 | C82: =IF(OR(C$80="",ISERROR($A82)),"",HLOOKUP(C$80,MODEL_MATRIX!$C$1:$AA$71,ROW()-ROW(C$80)+1,0)) -> -1 | E82: =IF(E80="","",E80) -> A | F82: =IF(F80="","",F80) -> E | I82: =I81 -> 0 | J82: =J81 -> 0 | K82: =MAX(A81:A150) -> 8.926826 | N82: =HLOOKUP(N$81,$E$82:$F$91,ROW()-ROW($O$80),0) -> -1 | O82: =HLOOKUP(O$81,$E$82:$F$91,ROW()-ROW($O$80),0) -> -1 | P82: {=IF(ISERROR(P$81&$O82),NA(),IFERROR(AVERAGE(IF($B$81:$B$150=$O82,IF($C$81:$C$150=P$81,$A$81:$A$150,""),"")),NA()))} -> 6.4160156 | Q82: {=IF(ISERROR(Q$81&$O82),NA(),IFERROR(AVERAGE(IF($B$81:$B$150=$O82,IF($C$81:$C$150=Q$81,$A$81:$A$150,""),"")),NA()))} -> 6.5143288 | R82: {=IF(ISERROR(R$81&$O82),NA(),IFERROR(AVERAGE(IF($B$81:$B$150=$O82,IF($C$81:$C$150=R$81,$A$81:$A$150,""),"")),NA()))} -> #N/A | S82: {=IF(ISERROR(S$81&$O82),NA(),IFERROR(AVERAGE(IF($B$81:$B$150=$O82,IF($C$81:$C$150=S$81,$A$81:$A$150,""),"")),NA()))} -> #N/A | T82: {=IF(ISERROR(T$81&$O82),NA(),IFERROR(AVERAGE(IF($B$81:$B$150=$O82,IF($C$81:$C$150=T$81,$A$81:$A$150,""),"")),NA()))} -> #N/A | U82: {=IF(ISERROR(U$81&$O82),NA(),IFERROR(AVERAGE(IF($B$81:$B$150=$O82,IF($C$81:$C$150=U$81,$A$81:$A$150,""),"")),NA()))} -> #N/A | V82: {=IF(ISERROR(V$81&$O82),NA(),IFERROR(AVERAGE(IF($B$81:$B$150=$O82,IF($C$81:$C$150=V$81,$A$81:$A$150,""),"")),NA()))} -> #N/A | W82: {=IF(ISERROR(W$81&$O82),NA(),IFERROR(AVERAGE(IF($B$81:$B$150=$O82,IF($C$81:$C$150=W$81,$A$81:$A$150,""),"")),NA()))} -> #N/A | X82: {=IF(ISERROR(X$81&$O82),NA(),IFERROR(AVERAGE(IF($B$81:$B$150=$O82,IF($C$81:$C$150=X$81,$A$81:$A$150,""),"")),NA()))} -> #N/A
A83: =IF(MODEL_MATRIX!B4="","",MODEL_MATRIX!B4) -> 5.180476 | B83: =IF(OR(B$7="",ISERROR($A83)),"",HLOOKUP(B$80,MODEL_MATRIX!$C$1:$AA$71,ROW()-ROW(A$80)+1,0)) -> -1 | C83: =IF(OR(C$80="",ISERROR($A83)),"",HLOOKUP(C$80,MODEL_MATRIX!$C$1:$AA$71,ROW()-ROW(C$80)+1,0)) -> -1 | E83: =IF(OR(ROW()-ROW(D$81)>MAX(0,E$81)+1,E$81=""),NA(),HLOOKUP(E$82,MODEL!$A$15:$Y$24,ROW()-ROW(D$81),0)) -> -1 | F83: =IF(OR(ROW()-ROW(E$81)>MAX(0,F$81)+1,F$81=""),NA(),HLOOKUP(F$82,MODEL!$A$15:$Y$24,ROW()-ROW(E$81),0)) -> -1 | N83: =HLOOKUP(N$81,$E$82:$F$91,ROW()-ROW($O$80),0) -> 1 | O83: =HLOOKUP(O$81,$E$82:$F$91,ROW()-ROW($O$80),0) -> 1 | P83: {=IF(ISERROR(P$81&$O83),NA(),IFERROR(AVERAGE(IF($B$81:$B$150=$O83,IF($C$81:$C$150=P$81,$A$81:$A$150,""),"")),NA()))} -> 4.6258621 | Q83: {=IF(ISERROR(Q$81&$O83),NA(),IFERROR(AVERAGE(IF($B$81:$B$150=$O83,IF($C$81:$C$150=Q$81,$A$81:$A$150,""),"")),NA()))} -> 6.3995096 | R83: {=IF(ISERROR(R$81&$O83),NA(),IFERROR(AVERAGE(IF($B$81:$B$150=$O83,IF($C$81:$C$150=R$81,$A$81:$A$150,""),"")),NA()))} -> #N/A | S83: {=IF(ISERROR(S$81&$O83),NA(),IFERROR(AVERAGE(IF($B$81:$B$150=$O83,IF($C$81:$C$150=S$81,$A$81:$A$150,""),"")),NA()))} -> #N/A | T83: {=IF(ISERROR(T$81&$O83),NA(),IFERROR(AVERAGE(IF($B$81:$B$150=$O83,IF($C$81:$C$150=T$81,$A$81:$A$150,""),"")),NA()))} -> #N/A | U83: {=IF(ISERROR(U$81&$O83),NA(),IFERROR(AVERAGE(IF($B$81:$B$150=$O83,IF($C$81:$C$150=U$81,$A$81:$A$150,""),"")),NA()))} -> #N/A | V83: {=IF(ISERROR(V$81&$O83),NA(),IFERROR(AVERAGE(IF($B$81:$B$150=$O83,IF($C$81:$C$150=V$81,$A$81:$A$150,""),"")),NA()))} -> #N/A | W83: {=IF(ISERROR(W$81&$O83),NA(),IFERROR(AVERAGE(IF($B$81:$B$150=$O83,IF($C$81:$C$150=W$81,$A$81:$A$150,""),"")),NA()))} -> #N/A | X83: {=IF(ISERROR(X$81&$O83),NA(),IFERROR(AVERAGE(IF($B$81:$B$150=$O83,IF($C$81:$C$150=X$81,$A$81:$A$150,""),"")),NA()))} -> #N/A
A84: =IF(MODEL_MATRIX!B5="","",MODEL_MATRIX!B5) -> 4.6917005 | B84: =IF(OR(B$7="",ISERROR($A84)),"",HLOOKUP(B$80,MODEL_MATRIX!$C$1:$AA$71,ROW()-ROW(A$80)+1,0)) -> 1 | C84: =IF(OR(C$80="",ISERROR($A84)),"",HLOOKUP(C$80,MODEL_MATRIX!$C$1:$AA$71,ROW()-ROW(C$80)+1,0)) -> -1 | E84: =IF(OR(ROW()-ROW(D$81)>MAX(0,E$81)+1,E$81=""),NA(),HLOOKUP(E$82,MODEL!$A$15:$Y$24,ROW()-ROW(D$81),0)) -> 1 | F84: =IF(OR(ROW()-ROW(E$81)>MAX(0,F$81)+1,F$81=""),NA(),HLOOKUP(F$82,MODEL!$A$15:$Y$24,ROW()-ROW(E$81),0)) -> 1 | N84: =HLOOKUP(N$81,$E$82:$F$91,ROW()-ROW($O$80),0) -> #N/A | O84: =HLOOKUP(O$81,$E$82:$F$91,ROW()-ROW($O$80),0) -> #N/A | P84: {=IF(ISERROR(P$81&$O84),NA(),IFERROR(AVERAGE(IF($B$81:$B$150=$O84,IF($C$81:$C$150=P$81,$A$81:$A$150,""),"")),NA()))} -> #N/A | Q84: {=IF(ISERROR(Q$81&$O84),NA(),IFERROR(AVERAGE(IF($B$81:$B$150=$O84,IF($C$81:$C$150=Q$81,$A$81:$A$150,""),"")),NA()))} -> #N/A | R84: {=IF(ISERROR(R$81&$O84),NA(),IFERROR(AVERAGE(IF($B$81:$B$150=$O84,IF($C$81:$C$150=R$81,$A$81:$A$150,""),"")),NA()))} -> #N/A | S84: {=IF(ISERROR(S$81&$O84),NA(),IFERROR(AVERAGE(IF($B$81:$B$150=$O84,IF($C$81:$C$150=S$81,$A$81:$A$150,""),"")),NA()))} -> #N/A | T84: {=IF(ISERROR(T$81&$O84),NA(),IFERROR(AVERAGE(IF($B$81:$B$150=$O84,IF($C$81:$C$150=T$81,$A$81:$A$150,""),"")),NA()))} -> #N/A | U84: {=IF(ISERROR(U$81&$O84),NA(),IFERROR(AVERAGE(IF($B$81:$B$150=$O84,IF($C$81:$C$150=U$81,$A$81:$A$150,""),"")),NA()))} -> #N/A | V84: {=IF(ISERROR(V$81&$O84),NA(),IFERROR(AVERAGE(IF($B$81:$B$150=$O84,IF($C$81:$C$150=V$81,$A$81:$A$150,""),"")),NA()))} -> #N/A | W84: {=IF(ISERROR(W$81&$O84),NA(),IFERROR(AVERAGE(IF($B$81:$B$150=$O84,IF($C$81:$C$150=W$81,$A$81:$A$150,""),"")),NA()))} -> #N/A | X84: {=IF(ISERROR(X$81&$O84),NA(),IFERROR(AVERAGE(IF($B$81:$B$150=$O84,IF($C$81:$C$150=X$81,$A$81:$A$150,""),"")),NA()))} -> #N/A
A85: =IF(MODEL_MATRIX!B6="","",MODEL_MATRIX!B6) -> 8.533188 | B85: =IF(OR(B$7="",ISERROR($A85)),"",HLOOKUP(B$80,MODEL_MATRIX!$C$1:$AA$71,ROW()-ROW(A$80)+1,0)) -> -1 | C85: =IF(OR(C$80="",ISERROR($A85)),"",HLOOKUP(C$80,MODEL_MATRIX!$C$1:$AA$71,ROW()-ROW(C$80)+1,0)) -> -1 | E85: =IF(OR(ROW()-ROW(D$81)>MAX(0,E$81)+1,E$81=""),NA(),HLOOKUP(E$82,MODEL!$A$15:$Y$24,ROW()-ROW(D$81),0)) -> #N/A | F85: =IF(OR(ROW()-ROW(E$81)>MAX(0,F$81)+1,F$81=""),NA(),HLOOKUP(F$82,MODEL!$A$15:$Y$24,ROW()-ROW(E$81),0)) -> #N/A | N85: =HLOOKUP(N$81,$E$82:$F$91,ROW()-ROW($O$80),0) -> #N/A | O85: =HLOOKUP(O$81,$E$82:$F$91,ROW()-ROW($O$80),0) -> #N/A | P85: {=IF(ISERROR(P$81&$O85),NA(),IFERROR(AVERAGE(IF($B$81:$B$150=$O85,IF($C$81:$C$150=P$81,$A$81:$A$150,""),"")),NA()))} -> #N/A | Q85: {=IF(ISERROR(Q$81&$O85),NA(),IFERROR(AVERAGE(IF($B$81:$B$150=$O85,IF($C$81:$C$150=Q$81,$A$81:$A$150,""),"")),NA()))} -> #N/A | R85: {=IF(ISERROR(R$81&$O85),NA(),IFERROR(AVERAGE(IF($B$81:$B$150=$O85,IF($C$81:$C$150=R$81,$A$81:$A$150,""),"")),NA()))} -> #N/A | S85: {=IF(ISERROR(S$81&$O85),NA(),IFERROR(AVERAGE(IF($B$81:$B$150=$O85,IF($C$81:$C$150=S$81,$A$81:$A$150,""),"")),NA()))} -> #N/A | T85: {=IF(ISERROR(T$81&$O85),NA(),IFERROR(AVERAGE(IF($B$81:$B$150=$O85,IF($C$81:$C$150=T$81,$A$81:$A$150,""),"")),NA()))} -> #N/A | U85: {=IF(ISERROR(U$81&$O85),NA(),IFERROR(AVERAGE(IF($B$81:$B$150=$O85,IF($C$81:$C$150=U$81,$A$81:$A$150,""),"")),NA()))} -> #N/A | V85: {=IF(ISERROR(V$81&$O85),NA(),IFERROR(AVERAGE(IF($B$81:$B$150=$O85,IF($C$81:$C$150=V$81,$A$81:$A$150,""),"")),NA()))} -> #N/A | W85: {=IF(ISERROR(W$81&$O85),NA(),IFERROR(AVERAGE(IF($B$81:$B$150=$O85,IF($C$81:$C$150=W$81,$A$81:$A$150,""),"")),NA()))} -> #N/A | X85: {=IF(ISERROR(X$81&$O85),NA(),IFERROR(AVERAGE(IF($B$81:$B$150=$O85,IF($C$81:$C$150=X$81,$A$81:$A$150,""),"")),NA()))} -> #N/A
